t_s,option,cwnd_mult,cwnd,avg_thr_mbps,avg_urtt_ms,srtt_ms,min_rtt_ms,loss_ratio,reward,kalman_rtt_ms,act_mu,act_sig,agent_id,fair_bw_mbps,active_flows,s0,s1,s2,s3,s4,s5,s6,s7,s8,s9,s10
1.007,0,0.997,1020,0.000,0.000,0.000,0.000,0.0,0.0000,20.000,0.0023,1.0000,0,10.000,2,1.00000,0.00000,0.75267,0.00000,1.00000,0.00098,0.00000,0.00000,0.00000,0.00001,0.20000
1.227,0,1.009,1033,0.000,20.000,2.500,20.000,0.0,0.0000,20.000,0.0041,0.9996,0,10.000,2,0.00000,0.20000,0.75267,0.00000,1.00000,0.00098,1.00000,0.00000,0.00000,0.02500,0.20000
1.237,0,0.977,1009,0.400,20.000,4.688,20.000,0.0,1.0000,20.000,0.0026,1.0000,0,10.000,2,0.00879,0.20000,0.75362,0.12100,1.00000,0.00097,0.00000,0.00000,0.00500,0.04688,0.20000
1.239,0,0.987,1010,0.400,21.000,6.727,20.000,0.0,0.9080,20.010,0.0016,1.0000,0,10.000,2,-0.00871,0.21000,0.75267,0.22914,1.00000,0.00098,0.05000,0.00000,0.00501,0.06727,0.20010
1.241,0,1.001,1026,0.400,20.000,8.386,20.000,0.0,1.0011,20.000,0.0022,0.9985,0,10.000,2,0.00000,0.20000,0.75267,0.32881,1.00000,0.00098,-0.04762,0.00000,0.00501,0.08386,0.20000
1.243,0,1.017,1044,0.400,21.000,9.963,20.000,0.0,0.9080,20.001,0.0027,0.9990,0,10.000,2,0.00195,0.21000,0.75288,0.40912,1.00000,0.00097,0.05000,0.00000,0.00501,0.09963,0.20001
1.246,0,0.981,1025,0.400,20.000,11.217,20.000,0.0,1.0011,20.000,0.0039,0.9984,0,10.000,2,0.01852,0.20000,0.75487,0.47721,1.00000,0.00096,-0.04762,0.00000,0.00501,0.11217,0.20000
1.247,0,1.012,1038,0.400,21.000,12.440,20.000,0.0,0.9080,20.000,0.0017,1.0000,0,10.000,2,-0.01914,0.21000,0.75278,0.54779,1.00000,0.00098,0.05000,0.00000,0.00501,0.12440,0.20000
1.249,0,1.021,1060,0.400,20.000,13.385,20.000,0.0,1.0011,20.000,0.0037,0.9997,0,10.000,2,0.01268,0.20000,0.75415,0.59990,1.00000,0.00096,-0.04762,0.00000,0.00501,0.13385,0.20000
1.251,0,0.978,1037,0.400,21.000,14.337,20.000,0.0,0.9080,20.000,0.0008,1.0000,0,10.000,2,0.02216,0.21000,0.75652,0.63148,1.00000,0.00094,0.05000,0.00000,0.00501,0.14337,0.20000
1.254,0,0.987,1023,0.400,20.000,15.045,20.000,0.0,1.0011,20.000,0.0027,1.0000,0,10.000,2,-0.02262,0.20000,0.75404,0.69204,1.00000,0.00096,-0.04762,0.00000,0.00501,0.15045,0.20000
1.256,0,0.979,1002,0.400,21.000,15.789,20.000,0.0,0.9080,20.000,0.0063,0.9986,0,10.000,2,-0.01254,0.21000,0.75267,0.73543,1.00000,0.00098,0.05000,0.00000,0.00501,0.15789,0.20000
1.258,0,1.023,1048,0.400,20.000,16.316,20.000,0.0,1.0011,20.000,0.0042,1.0000,0,10.000,2,0.00000,0.20000,0.75267,0.77182,1.00000,0.00098,-0.04762,0.00000,0.00501,0.16316,0.20000
1.259,0,1.006,1055,0.400,21.000,16.901,20.000,0.0,0.9080,20.000,0.0006,1.0000,0,10.000,2,0.02344,0.21000,0.75519,0.77929,1.00000,0.00095,0.05000,0.00000,0.00501,0.16901,0.20000
1.261,0,0.988,1043,0.400,20.000,17.288,20.000,0.0,1.0011,20.000,0.0055,0.9980,0,10.000,2,0.00763,0.20000,0.75601,0.80114,1.00000,0.00095,-0.04762,0.00000,0.00501,0.17288,0.20000
1.263,0,1.012,1056,0.400,20.000,17.627,20.000,0.0,1.0011,20.000,0.0023,1.0000,0,10.000,2,-0.01231,0.20000,0.75467,0.82971,1.00000,0.00096,0.00000,0.00000,0.00501,0.17627,0.20000
1.266,0,0.986,1041,0.400,21.000,18.049,20.000,0.0,0.9080,20.000,0.0036,1.0000,0,10.000,2,0.01246,0.21000,0.75601,0.83557,1.00000,0.00095,0.05000,0.00000,0.00501,0.18049,0.20000
1.268,0,1.000,1042,0.400,20.000,18.293,20.000,0.0,1.0011,20.000,0.0019,1.0000,0,10.000,2,-0.01420,0.20000,0.75446,0.86788,1.00000,0.00096,-0.04762,0.00000,0.00501,0.18293,0.20000
1.270,0,1.020,1064,0.400,21.000,18.631,20.000,0.0,0.9080,20.000,-0.0002,1.0000,0,10.000,2,0.00192,0.21000,0.75467,0.87792,1.00000,0.00096,0.05000,0.00000,0.00501,0.18631,0.20000
1.272,0,1.018,1085,0.400,20.000,18.802,20.000,0.0,1.0011,20.000,0.0015,1.0000,0,10.000,2,0.02109,0.20000,0.75693,0.87569,1.00000,0.00094,-0.04762,0.00000,0.00501,0.18802,0.20000
1.274,0,1.001,1088,0.400,21.000,19.077,20.000,0.0,0.9080,20.000,0.0019,1.0000,0,10.000,2,0.01972,0.21000,0.75905,0.86664,1.00000,0.00092,0.05000,0.00000,0.00501,0.19077,0.20000
1.276,0,1.014,1104,0.400,20.000,19.192,20.000,0.0,1.0011,20.000,0.0048,1.0000,0,10.000,2,0.00184,0.20000,0.75925,0.87768,1.00000,0.00092,-0.04762,0.00000,0.00501,0.19192,0.20000
1.278,0,1.005,1111,0.400,21.000,19.418,20.000,0.0,0.9080,20.000,0.0039,1.0000,0,10.000,2,0.01562,0.21000,0.76093,0.86941,1.00000,0.00090,0.05000,0.00000,0.00501,0.19418,0.20000
1.279,0,0.990,1101,0.400,20.000,19.491,20.000,0.0,1.0011,20.000,0.0032,1.0000,0,10.000,2,0.00633,0.20000,0.76162,0.87411,1.00000,0.00090,-0.04762,0.00000,0.00501,0.19491,0.20000
1.282,0,0.976,1074,0.400,21.000,19.680,20.000,0.0,0.9080,20.000,0.0019,1.0000,0,10.000,2,-0.00989,0.21000,0.76054,0.88614,1.00000,0.00091,0.05000,0.00000,0.00501,0.19680,0.20000
1.284,0,0.980,1052,0.400,20.000,19.720,20.000,0.0,1.0011,20.000,0.0047,0.9991,0,10.000,2,-0.02452,0.20000,0.75784,0.91721,1.00000,0.00093,-0.04762,0.00000,0.00501,0.19720,0.20000
1.285,0,1.016,1069,0.400,20.000,19.755,20.000,0.0,1.0011,20.000,0.0021,1.0000,0,10.000,2,-0.02048,0.20000,0.75560,0.93830,1.00000,0.00095,0.00000,0.00000,0.00501,0.19755,0.20000
1.288,0,1.010,1081,0.400,21.000,19.910,20.000,0.0,0.9080,20.000,0.0049,0.9978,0,10.000,2,0.01616,0.21000,0.75734,0.92502,1.00000,0.00094,0.05000,0.00000,0.00501,0.19910,0.20000
1.290,0,1.006,1088,0.400,20.000,19.922,20.000,0.0,1.0011,20.000,0.0035,1.0000,0,10.000,2,0.01123,0.20000,0.75855,0.92196,1.00000,0.00093,-0.04762,0.00000,0.00501,0.19922,0.20000
1.292,0,0.977,1064,0.400,21.000,20.056,20.000,0.0,0.9080,20.000,0.0036,1.0000,0,10.000,2,0.00740,0.21000,0.75935,0.91570,1.00000,0.00092,0.05000,0.00000,0.00501,0.20056,0.20000
1.293,0,1.009,1074,0.400,20.000,20.049,20.000,0.0,1.0011,20.000,0.0031,1.0000,0,10.000,2,-0.02296,0.20000,0.75683,0.94356,1.00000,0.00094,-0.04762,0.00000,0.00501,0.20049,0.20000
1.295,0,0.991,1063,0.400,21.000,20.168,20.000,0.0,0.9080,20.000,0.0047,1.0000,0,10.000,2,0.00940,0.21000,0.75784,0.93444,1.00000,0.00093,0.05000,0.00000,0.00501,0.20168,0.20000
1.297,0,1.007,1071,0.400,20.000,20.147,20.000,0.0,1.0011,20.000,0.0031,1.0000,0,10.000,2,-0.01024,0.20000,0.75673,0.94971,1.00000,0.00094,-0.04762,0.00000,0.00501,0.20147,0.20000
1.299,0,0.983,1053,0.400,21.000,20.254,20.000,0.0,0.9080,20.000,0.0024,1.0000,0,10.000,2,0.00847,0.21000,0.75764,0.94075,1.00000,0.00093,0.05000,0.00000,0.00501,0.20254,0.20000
1.301,0,1.022,1075,0.400,20.000,20.222,20.000,0.0,1.0011,20.000,0.0034,0.9995,0,10.000,2,-0.01866,0.20000,0.75560,0.96371,1.00000,0.00095,-0.04762,0.00000,0.00501,0.20222,0.20000
1.303,0,1.010,1086,0.400,21.000,20.319,20.000,0.0,0.9080,20.000,0.0021,1.0000,0,10.000,2,0.02186,0.21000,0.75794,0.94161,1.00000,0.00093,0.05000,0.00000,0.00501,0.20319,0.20000
1.305,0,0.979,1063,0.400,20.000,20.279,20.000,0.0,1.0011,20.000,0.0009,1.0000,0,10.000,2,0.01023,0.20000,0.75905,0.93656,1.00000,0.00092,-0.04762,0.00000,0.00501,0.20279,0.20000
1.307,0,1.004,1068,0.400,20.000,20.244,20.000,0.0,1.0011,20.000,-0.0014,1.0000,0,10.000,2,-0.02118,0.20000,0.75673,0.95494,1.00000,0.00094,0.00000,0.00000,0.00501,0.20244,0.20000
1.309,0,1.024,1095,0.400,21.000,20.339,20.000,0.0,0.9080,20.000,0.0010,1.0000,0,10.000,2,0.00564,0.21000,0.75734,0.94795,1.00000,0.00094,0.05000,0.00000,0.00501,0.20339,0.20000
1.312,0,1.007,1103,0.400,20.000,20.297,20.000,0.0,1.0011,20.000,-0.0004,1.0000,0,10.000,2,0.02432,0.20000,0.75994,0.92976,1.00000,0.00091,-0.04762,0.00000,0.00501,0.20297,0.20000
1.314,0,0.995,1097,0.400,21.000,20.384,20.000,0.0,0.9080,20.000,0.0008,1.0000,0,10.000,2,0.00731,0.21000,0.76073,0.92109,1.00000,0.00091,0.05000,0.00000,0.00501,0.20384,0.20000
1.316,0,0.995,1090,0.400,20.000,20.336,20.000,0.0,1.0011,20.000,0.0042,0.9988,0,10.000,2,-0.00635,0.20000,0.76004,0.93099,1.00000,0.00091,-0.04762,0.00000,0.00501,0.20336,0.20000
1.318,0,0.976,1062,0.400,21.000,20.419,20.000,0.0,0.9080,20.000,0.0022,1.0000,0,10.000,2,-0.00639,0.21000,0.75935,0.93477,1.00000,0.00092,0.05000,0.00000,0.00501,0.20419,0.20000
1.320,0,1.017,1081,0.400,20.000,20.367,20.000,0.0,1.0011,20.000,0.0035,1.0000,0,10.000,2,-0.02479,0.20000,0.75663,0.96244,1.00000,0.00094,-0.04762,0.00000,0.00501,0.20367,0.20000
1.322,0,1.004,1087,0.000,0.000,20.367,20.000,0.0,0.0000,20.000,0.0070,0.9976,0,10.000,2,0.01883,0.00000,0.75865,0.00000,1.00000,0.00092,-1.00000,0.00000,0.00000,0.20367,0.20000
1.324,0,1.003,1092,0.400,21.000,20.446,20.000,0.0,0.9080,20.000,0.0017,1.0000,0,10.000,2,0.00555,0.21000,0.75925,0.93703,1.00000,0.00092,0.05000,0.00000,0.00501,0.20446,0.20000
1.326,0,0.984,1075,0.400,20.000,20.390,20.000,0.0,1.0011,20.000,0.0011,1.0000,0,10.000,2,0.00460,0.20000,0.75975,0.93637,1.00000,0.00091,-0.04762,0.00000,0.00501,0.20390,0.20000
1.328,0,1.017,1094,0.400,21.000,20.467,20.000,0.0,0.9080,20.000,0.0024,1.0000,0,10.000,2,-0.01647,0.21000,0.75794,0.94945,1.00000,0.00093,0.05000,0.00000,0.00501,0.20467,0.20000
1.330,0,0.999,1094,0.400,20.000,20.408,20.000,0.0,1.0011,20.000,0.0013,1.0000,0,10.000,2,0.01860,0.20000,0.75994,0.93559,1.00000,0.00091,-0.04762,0.00000,0.00501,0.20408,0.20000
1.331,0,0.983,1074,0.400,21.000,20.482,20.000,0.0,0.9080,20.000,0.0063,0.9983,0,10.000,2,-0.00183,0.21000,0.75975,0.93463,1.00000,0.00091,0.05000,0.00000,0.00501,0.20482,0.20000
1.335,0,0.978,1049,0.400,20.000,20.422,20.000,0.0,1.0011,20.000,0.0033,1.0000,0,10.000,2,-0.01738,0.20000,0.75784,0.95461,1.00000,0.00093,-0.04762,0.00000,0.00501,0.20422,0.20000
1.336,0,1.024,1073,0.400,20.000,20.369,20.000,0.0,1.0011,20.000,0.0026,1.0000,0,10.000,2,-0.02421,0.20000,0.75519,0.97542,1.00000,0.00095,0.00000,0.00000,0.00501,0.20369,0.20000
1.338,0,1.003,1078,0.400,21.000,20.448,20.000,0.0,0.9080,20.000,0.0051,1.0000,0,10.000,2,0.02481,0.21000,0.75784,0.94935,1.00000,0.00093,0.05000,0.00000,0.00501,0.20448,0.20000
1.341,0,1.021,1101,0.400,20.000,20.392,20.000,0.0,1.0011,20.000,0.0015,1.0000,0,10.000,2,0.00372,0.20000,0.75825,0.94949,1.00000,0.00093,-0.04762,0.00000,0.00501,0.20392,0.20000
1.342,0,0.976,1075,0.400,21.000,20.468,20.000,0.0,0.9080,20.000,0.0047,0.9990,0,10.000,2,0.02226,0.21000,0.76064,0.92626,1.00000,0.00091,0.05000,0.00000,0.00501,0.20468,0.20000
1.344,0,0.995,1069,0.400,20.000,20.410,20.000,0.0,1.0011,20.000,0.0019,1.0000,0,10.000,2,-0.02450,0.20000,0.75794,0.95307,1.00000,0.00093,-0.04762,0.00000,0.00501,0.20410,0.20000
1.347,0,0.982,1049,0.400,21.000,20.483,20.000,0.0,0.9080,20.000,0.0032,1.0000,0,10.000,2,-0.00558,0.21000,0.75734,0.95568,1.00000,0.00094,0.05000,0.00000,0.00501,0.20483,0.20000
1.349,0,1.008,1057,0.400,20.000,20.423,20.000,0.0,1.0011,20.000,0.0020,1.0000,0,10.000,2,-0.01871,0.20000,0.75529,0.97742,1.00000,0.00095,-0.04762,0.00000,0.00501,0.20423,0.20000
1.351,0,1.007,1065,0.400,21.000,20.495,20.000,0.0,0.9080,20.000,-0.0000,1.0000,0,10.000,2,0.00763,0.21000,0.75611,0.96716,1.00000,0.00095,0.05000,0.00000,0.00501,0.20495,0.20000
1.353,0,0.977,1039,0.400,20.000,20.433,20.000,0.0,1.0011,20.000,0.0008,1.0000,0,10.000,2,0.00757,0.20000,0.75693,0.96329,1.00000,0.00094,-0.04762,0.00000,0.00501,0.20433,0.20000
1.355,0,0.984,1022,0.400,21.000,20.504,20.000,0.0,0.9080,20.000,-0.0004,1.0000,0,10.000,2,-0.02441,0.21000,0.75425,0.98441,1.00000,0.00096,0.05000,0.00000,0.00501,0.20504,0.20000
1.358,0,1.011,1036,0.400,20.000,20.441,20.000,0.0,1.0011,20.000,0.0022,1.0000,0,10.000,2,-0.01444,0.20000,0.75267,1.00000,0.99771,0.00098,-0.04762,0.00000,0.00501,0.20441,0.20000
1.360,0,1.022,1059,0.400,20.000,20.386,20.000,0.0,1.0011,20.000,0.0050,1.0000,0,10.000,2,0.01172,0.20000,0.75394,0.98764,1.00000,0.00097,0.00000,0.00000,0.00501,0.20386,0.20000
1.362,0,1.023,1084,0.400,21.000,20.463,20.000,0.0,0.9060,20.000,0.0006,1.0000,0,10.000,2,0.02220,0.21000,0.75632,0.96137,1.00000,0.00094,0.05000,0.00000,0.00499,0.20463,0.20000
1.364,0,0.979,1061,0.400,20.000,20.405,20.000,0.0,1.0011,20.000,0.0023,1.0000,0,10.000,2,0.02361,0.20000,0.75885,0.94491,1.00000,0.00092,-0.04762,0.00000,0.00501,0.20405,0.20000
1.366,0,1.024,1087,0.400,21.000,20.479,20.000,0.0,0.9080,20.000,0.0034,1.0000,0,10.000,2,-0.02122,0.21000,0.75652,0.96266,1.00000,0.00094,0.05000,0.00000,0.00501,0.20479,0.20000
1.368,0,1.002,1090,0.400,20.000,20.419,20.000,0.0,1.0011,20.000,0.0041,1.0000,0,10.000,2,0.02451,0.20000,0.75915,0.94306,1.00000,0.00092,-0.04762,0.00000,0.00501,0.20419,0.20000
1.370,0,0.977,1065,0.400,21.000,20.492,20.000,0.0,0.9080,20.000,0.0042,0.9998,0,10.000,2,0.00276,0.21000,0.75945,0.93771,1.00000,0.00092,0.05000,0.00000,0.00501,0.20492,0.20000
1.372,0,1.007,1073,0.400,20.000,20.430,20.000,0.0,1.0011,20.000,0.0035,1.0000,0,10.000,2,-0.02294,0.20000,0.75693,0.96314,1.00000,0.00094,-0.04762,0.00000,0.00501,0.20430,0.20000
1.374,0,1.017,1092,0.400,21.000,20.502,20.000,0.0,0.9080,20.000,0.0009,1.0000,0,10.000,2,0.00845,0.21000,0.75784,0.95220,1.00000,0.00093,0.05000,0.00000,0.00501,0.20502,0.20000
1.376,0,1.024,1119,0.400,20.000,20.439,20.000,0.0,1.0011,20.000,0.0007,1.0000,0,10.000,2,0.01769,0.20000,0.75975,0.93891,1.00000,0.00091,-0.04762,0.00000,0.00501,0.20439,0.20000
1.378,0,1.024,1146,0.400,21.000,20.509,20.000,0.0,0.9080,20.000,0.0001,1.0000,0,10.000,2,0.02379,0.21000,0.76230,0.91429,1.00000,0.00089,0.05000,0.00000,0.00501,0.20509,0.20000
1.379,0,1.002,1149,0.400,20.000,20.445,20.000,0.0,1.0011,20.000,0.0015,1.0000,0,10.000,2,0.02413,0.20000,0.76488,0.89581,1.00000,0.00087,-0.04762,0.00000,0.00501,0.20445,0.20000
1.382,0,0.984,1130,0.400,21.000,20.515,20.000,0.0,0.9080,20.000,0.0030,1.0000,0,10.000,2,0.00262,0.21000,0.76517,0.89070,1.00000,0.00087,0.05000,0.00000,0.00501,0.20515,0.20000
1.384,0,0.988,1116,0.400,20.000,20.450,20.000,0.0,1.0011,20.000,0.0013,1.0000,0,10.000,2,-0.01654,0.20000,0.76336,0.90875,1.00000,0.00088,-0.04762,0.00000,0.00501,0.20450,0.20000
1.386,0,0.995,1109,0.400,20.000,20.394,20.000,0.0,1.0011,20.000,0.0028,1.0000,0,10.000,2,-0.01327,0.20000,0.76191,0.91809,1.00000,0.00090,0.00000,0.00000,0.00501,0.20394,0.20000
1.389,0,0.998,1105,0.400,21.000,20.470,20.000,0.0,0.9080,20.000,0.0043,0.9991,0,10.000,2,-0.00628,0.21000,0.76122,0.92134,1.00000,0.00090,0.05000,0.00000,0.00501,0.20470,0.20000
1.391,0,0.978,1079,0.400,20.000,20.411,20.000,0.0,1.0011,20.000,0.0026,0.9999,0,10.000,2,-0.00361,0.20000,0.76083,0.92811,1.00000,0.00091,-0.04762,0.00000,0.00501,0.20411,0.20000
1.393,0,1.020,1101,0.400,21.000,20.485,20.000,0.0,0.9080,20.000,0.0009,1.0000,0,10.000,2,-0.02264,0.21000,0.75835,0.94689,1.00000,0.00093,0.05000,0.00000,0.00501,0.20485,0.20000
1.395,0,0.976,1075,0.400,20.000,20.424,20.000,0.0,1.0011,20.000,0.0047,1.0000,0,10.000,2,0.02132,0.20000,0.76064,0.93047,1.00000,0.00091,-0.04762,0.00000,0.00501,0.20424,0.20000
1.397,0,1.006,1082,0.400,21.000,20.496,20.000,0.0,0.9080,20.000,0.0054,0.9995,0,10.000,2,-0.02450,0.21000,0.75794,0.95102,1.00000,0.00093,0.05000,0.00000,0.00501,0.20496,0.20000
1.398,0,1.022,1106,0.400,20.000,20.434,20.000,0.0,1.0011,20.000,0.0007,1.0000,0,10.000,2,0.00651,0.20000,0.75865,0.94820,1.00000,0.00092,-0.04762,0.00000,0.00501,0.20434,0.20000
1.400,0,0.978,1081,0.400,21.000,20.505,20.000,0.0,0.9080,20.000,0.0023,1.0000,0,10.000,2,0.02218,0.21000,0.76103,0.92482,1.00000,0.00090,0.05000,0.00000,0.00501,0.20505,0.20000
1.402,0,1.013,1095,0.400,20.000,20.442,20.000,0.0,1.0011,20.000,0.0009,1.0000,0,10.000,2,-0.02351,0.20000,0.75845,0.95036,1.00000,0.00093,-0.04762,0.00000,0.00501,0.20442,0.20000
1.404,0,1.007,1105,0.400,21.000,20.512,20.000,0.0,0.9080,20.000,0.0049,0.9978,0,10.000,2,0.01481,0.21000,0.76004,0.93361,1.00000,0.00091,0.05000,0.00000,0.00501,0.20512,0.20000
1.406,0,0.984,1088,0.400,20.000,20.448,20.000,0.0,1.0011,20.000,0.0024,1.0000,0,10.000,2,0.00912,0.20000,0.76103,0.92832,1.00000,0.00090,-0.04762,0.00000,0.00501,0.20448,0.20000
1.408,0,1.025,1115,0.400,20.000,20.392,20.000,0.0,1.0011,20.000,0.0047,0.9988,0,10.000,2,-0.01627,0.20000,0.75925,0.94074,1.00000,0.00092,0.00000,0.00000,0.00501,0.20392,0.20000
1.410,0,0.986,1099,0.400,21.000,20.468,20.000,0.0,0.9080,20.000,0.0076,0.9974,0,10.000,2,0.02482,0.21000,0.76191,0.91545,1.00000,0.00090,0.05000,0.00000,0.00501,0.20468,0.20000
1.412,0,0.998,1097,0.400,20.000,20.409,20.000,0.0,1.0011,20.000,0.0016,1.0000,0,10.000,2,-0.01435,0.20000,0.76034,0.93224,1.00000,0.00091,-0.04762,0.00000,0.00501,0.20409,0.20000
1.414,0,0.999,1095,0.000,0.000,20.409,20.000,0.0,0.0000,20.000,0.0010,1.0000,0,10.000,2,-0.00273,0.00000,0.76004,0.00000,1.00000,0.00091,-1.00000,0.00000,0.00000,0.20409,0.20000
1.416,0,0.987,1080,0.400,21.000,20.483,20.000,0.0,0.9080,20.000,0.0042,1.0000,0,10.000,2,-0.00091,0.21000,0.75994,0.93297,1.00000,0.00091,0.05000,0.00000,0.00501,0.20483,0.20000
1.418,0,0.982,1059,0.400,20.000,20.423,20.000,0.0,1.0011,20.000,0.0046,0.9992,0,10.000,2,-0.01461,0.20000,0.75835,0.95023,1.00000,0.00093,-0.04762,0.00000,0.00501,0.20423,0.20000
1.420,0,0.981,1038,0.400,21.000,20.495,20.000,0.0,0.9080,20.000,0.0011,1.0000,0,10.000,2,-0.01854,0.21000,0.75632,0.96532,1.00000,0.00094,0.05000,0.00000,0.00501,0.20495,0.20000
1.423,0,1.004,1041,0.400,20.000,20.433,20.000,0.0,1.0011,20.000,0.0037,0.9997,0,10.000,2,-0.02077,0.20000,0.75404,0.98929,1.00000,0.00096,-0.04762,0.00000,0.00501,0.20433,0.20000
1.425,0,1.020,1064,0.400,21.000,20.504,20.000,0.0,0.9080,20.000,0.0034,1.0000,0,10.000,2,0.00482,0.21000,0.75456,0.98157,1.00000,0.00096,0.05000,0.00000,0.00501,0.20504,0.20000
1.427,0,1.018,1084,0.400,20.000,20.441,20.000,0.0,1.0011,20.000,0.0040,1.0000,0,10.000,2,0.02111,0.20000,0.75683,0.96461,1.00000,0.00094,-0.04762,0.00000,0.00501,0.20441,0.20000
1.429,0,1.000,1085,0.400,21.000,20.511,20.000,0.0,0.9080,20.000,0.0039,0.9998,0,10.000,2,0.01880,0.21000,0.75885,0.94390,1.00000,0.00092,0.05000,0.00000,0.00501,0.20511,0.20000
1.431,0,1.013,1099,0.400,20.000,20.447,20.000,0.0,1.0011,20.000,0.0016,1.0000,0,10.000,2,0.00092,0.20000,0.75895,0.94626,1.00000,0.00092,-0.04762,0.00000,0.00501,0.20447,0.20000
1.433,0,1.012,1113,0.400,20.000,20.391,20.000,0.0,1.0011,20.000,0.0036,0.9999,0,10.000,2,0.01290,0.20000,0.76034,0.93129,1.00000,0.00091,0.00000,0.00000,0.00501,0.20391,0.20000
1.435,0,0.999,1112,0.400,21.000,20.467,20.000,0.0,20.9080,20.000,0.0024,1.0000,0,10.000,2,0.01365,0.21000,0.76181,0.91624,1.00000,0.00090,0.05000,0.00000,0.00501,0.20467,0.20000
1.438,0,0.991,1101,0.400,20.000,20.409,20.000,0.0,1.0011,20.000,0.0038,0.9983,0,10.000,2,-0.00269,0.20000,0.76152,0.92215,1.00000,0.00090,-0.04762,0.00000,0.00501,0.20409,0.20000
1.440,0,1.001,1103,0.400,21.000,20.483,20.000,0.0,0.9080,20.000,0.0046,0.9975,0,10.000,2,-0.00900,0.21000,0.76054,0.92787,1.00000,0.00091,0.05000,0.00000,0.00501,0.20483,0.20000
1.442,0,1.021,1127,0.400,20.000,20.422,20.000,0.0,1.0011,20.000,-0.0006,1.0000,0,10.000,2,0.00182,0.20000,0.76073,0.92954,1.00000,0.00091,-0.04762,0.00000,0.00501,0.20422,0.20000
1.444,0,1.008,1136,0.400,21.000,20.495,20.000,0.0,0.9080,20.000,0.0021,1.0000,0,10.000,2,0.02176,0.21000,0.76307,0.90706,1.00000,0.00089,0.05000,0.00000,0.00501,0.20495,0.20000
1.446,0,0.988,1122,0.400,20.000,20.433,20.000,0.0,1.0011,20.000,0.0034,1.0000,0,10.000,2,0.00799,0.20000,0.76393,0.90306,1.00000,0.00088,-0.04762,0.00000,0.00501,0.20433,0.20000
1.449,0,0.988,1108,0.400,21.000,20.504,20.000,0.0,0.9080,20.000,0.0019,1.0000,0,10.000,2,-0.01232,0.21000,0.76259,0.91157,1.00000,0.00089,0.05000,0.00000,0.00501,0.20504,0.20000
1.451,0,0.990,1097,0.400,20.000,20.441,20.000,0.0,1.0011,20.000,0.0046,1.0000,0,10.000,2,-0.01248,0.20000,0.76122,0.92629,1.00000,0.00090,-0.04762,0.00000,0.00501,0.20441,0.20000
1.453,0,0.991,1086,0.400,21.000,20.511,20.000,0.0,0.9080,20.000,0.0018,1.0000,0,10.000,2,-0.01083,0.21000,0.76004,0.93356,1.00000,0.00091,0.05000,0.00000,0.00501,0.20511,0.20000
1.455,0,0.990,1074,0.400,20.000,20.447,20.000,0.0,1.0011,20.000,0.0030,1.0000,0,10.000,2,-0.01004,0.20000,0.75895,0.94625,1.00000,0.00092,-0.04762,0.00000,0.00501,0.20447,0.20000
1.457,0,1.007,1081,0.400,21.000,20.516,20.000,0.0,0.9080,20.000,0.0046,1.0000,0,10.000,2,-0.01106,0.21000,0.75774,0.95385,1.00000,0.00093,0.05000,0.00000,0.00501,0.20516,0.20000
1.459,0,0.995,1076,0.400,20.000,20.451,20.000,0.0,1.0011,20.000,0.0024,1.0000,0,10.000,2,0.00839,0.20000,0.75865,0.94912,1.00000,0.00092,-0.04762,0.00000,0.00501,0.20451,0.20000
1.461,0,0.977,1050,0.400,20.000,20.395,20.000,0.0,1.0011,20.000,0.0024,1.0000,0,10.000,2,-0.00647,0.20000,0.75794,0.95230,1.00000,0.00093,0.00000,0.00000,0.00501,0.20395,0.20000
1.463,0,1.001,1051,0.400,21.000,20.471,20.000,0.0,0.9080,20.000,0.0040,1.0000,0,10.000,2,-0.02419,0.21000,0.75529,0.97321,1.00000,0.00095,0.05000,0.00000,0.00501,0.20471,0.20000
1.466,0,1.021,1073,0.400,20.000,20.412,20.000,0.0,1.0011,20.000,0.0059,0.9983,0,10.000,2,0.00191,0.20000,0.75550,0.97496,1.00000,0.00095,-0.04762,0.00000,0.00501,0.20412,0.20000
1.468,0,1.013,1087,0.400,21.000,20.485,20.000,0.0,0.9080,20.000,0.0015,1.0000,0,10.000,2,0.02093,0.21000,0.75774,0.95222,1.00000,0.00093,0.05000,0.00000,0.00501,0.20485,0.20000
1.470,0,1.024,1114,0.400,20.000,20.425,20.000,0.0,1.0011,20.000,0.0032,1.0000,0,10.000,2,0.01305,0.20000,0.75915,0.94334,1.00000,0.00092,-0.04762,0.00000,0.00501,0.20425,0.20000
1.472,0,1.005,1120,0.400,21.000,20.497,20.000,0.0,0.9080,20.000,0.0036,0.9981,0,10.000,2,0.02484,0.21000,0.76181,0.91775,1.00000,0.00090,0.05000,0.00000,0.00501,0.20497,0.20000
1.474,0,0.989,1107,0.400,20.000,20.435,20.000,0.0,1.0011,20.000,0.0014,1.0000,0,10.000,2,0.00539,0.20000,0.76239,0.91605,1.00000,0.00089,-0.04762,0.00000,0.00501,0.20435,0.20000
1.476,0,0.977,1080,0.400,21.000,20.505,20.000,0.0,0.9080,20.000,0.0036,1.0000,0,10.000,2,-0.01250,0.21000,0.76103,0.92484,1.00000,0.00090,0.05000,0.00000,0.00501,0.20505,0.20000
1.479,0,1.002,1081,0.400,20.000,20.442,20.000,0.0,1.0011,20.000,0.0031,1.0000,0,10.000,2,-0.02441,0.20000,0.75835,0.95126,1.00000,0.00093,-0.04762,0.00000,0.00501,0.20442,0.20000
1.480,0,1.000,1082,0.400,21.000,20.512,20.000,0.0,0.9080,20.000,0.0026,1.0000,0,10.000,2,0.00185,0.21000,0.75855,0.94657,1.00000,0.00093,0.05000,0.00000,0.00501,0.20512,0.20000
1.482,0,1.008,1092,0.400,20.000,20.448,20.000,0.0,1.0011,20.000,0.0039,1.0000,0,10.000,2,0.00185,0.20000,0.75875,0.94805,1.00000,0.00092,-0.04762,0.00000,0.00501,0.20448,0.20000
1.484,0,1.012,1107,0.400,20.000,20.392,20.000,0.0,1.0011,20.000,0.0035,1.0000,0,10.000,2,0.00923,0.20000,0.75975,0.93645,1.00000,0.00091,0.00000,0.00000,0.00501,0.20392,0.20000
1.487,0,1.001,1110,0.400,21.000,20.468,20.000,0.0,0.9080,20.000,0.0002,1.0000,0,10.000,2,0.01372,0.21000,0.76122,0.92124,1.00000,0.00090,0.05000,0.00000,0.00501,0.20468,0.20000
1.490,0,0.981,1089,0.400,20.000,20.409,20.000,0.0,1.0011,20.000,0.0035,1.0000,0,10.000,2,0.00271,0.20000,0.76152,0.92218,1.00000,0.00090,-0.04762,0.00000,0.00501,0.20409,0.20000
1.492,0,0.976,1063,0.400,21.000,20.483,20.000,0.0,0.9080,20.000,0.0017,1.0000,0,10.000,2,-0.01980,0.21000,0.75935,0.93812,1.00000,0.00092,0.05000,0.00000,0.00501,0.20483,0.20000
1.494,0,0.984,1046,0.400,20.000,20.423,20.000,0.0,1.0011,20.000,0.0052,0.9993,0,10.000,2,-0.02388,0.20000,0.75673,0.96454,1.00000,0.00094,-0.04762,0.00000,0.00501,0.20423,0.20000
1.496,0,1.020,1067,0.400,21.000,20.495,20.000,0.0,0.9080,20.000,0.0050,0.9979,0,10.000,2,-0.01599,0.21000,0.75498,0.97733,1.00000,0.00096,0.05000,0.00000,0.00501,0.20495,0.20000
1.499,0,0.978,1044,0.400,20.000,20.433,20.000,0.0,1.0011,20.000,0.0016,1.0000,0,10.000,2,0.02103,0.20000,0.75724,0.96058,1.00000,0.00094,-0.04762,0.00000,0.00501,0.20433,0.20000
1.500,0,0.981,1024,0.400,21.000,20.504,20.000,0.0,0.9080,20.000,0.0017,1.0000,0,10.000,2,-0.02247,0.21000,0.75477,0.97969,1.00000,0.00096,0.05000,0.00000,0.00501,0.20504,0.20000
1.503,0,0.982,1005,0.400,20.000,20.441,20.000,0.0,1.0011,20.000,0.0019,1.0000,0,10.000,2,-0.01916,0.20000,0.75267,1.00000,0.99771,0.00098,-0.04762,0.00000,0.00501,0.20441,0.20000
1.505,0,1.000,1023,0.400,21.000,20.511,20.000,0.0,0.9080,20.000,0.0024,1.0000,0,10.000,2,0.00000,0.21000,0.75267,0.99921,1.00000,0.00098,0.05000,0.00000,0.00501,0.20511,0.20000
1.508,0,0.982,1005,0.400,20.000,20.447,20.000,0.0,0.9988,20.000,0.0037,1.0000,0,10.000,2,0.00000,0.20000,0.75267,0.99770,0.99738,0.00098,-0.04762,0.00000,0.00499,0.20447,0.20000
1.509,0,0.976,999,0.400,21.000,20.516,20.000,0.0,0.9080,20.000,0.0041,1.0000,0,10.000,2,0.00000,0.21000,0.75267,0.99951,1.00000,0.00000,0.05000,0.00000,0.00501,0.20516,0.20000
1.511,0,1.020,1044,0.000,0.000,20.516,20.000,0.0,0.0000,20.000,0.0047,0.9997,0,10.000,2,0.00000,0.00000,0.75267,0.00000,0.99712,0.00098,-1.00000,0.00000,0.00000,0.20516,0.20000
1.513,0,1.010,1055,0.399,20.000,20.452,20.000,0.0,0.9985,20.000,0.0020,1.0000,0,10.000,2,0.01953,0.20000,0.75477,0.98108,1.00000,0.00096,-0.04762,0.00000,0.00499,0.20452,0.20000
1.515,0,1.021,1079,0.400,20.000,20.395,20.000,0.0,1.0011,20.000,0.0032,1.0000,0,10.000,2,0.01149,0.20000,0.75601,0.96944,1.00000,0.00095,0.00000,0.00000,0.00501,0.20395,0.20000
1.519,0,1.015,1097,0.400,21.000,20.471,20.000,0.0,0.9080,20.000,-0.0001,1.0000,0,10.000,2,0.02273,0.21000,0.75845,0.94528,1.00000,0.00093,0.05000,0.00000,0.00501,0.20471,0.20000
1.521,0,0.983,1078,0.400,20.000,20.412,20.000,0.0,1.0011,20.000,0.0024,1.0000,0,10.000,2,0.01574,0.20000,0.76014,0.93408,1.00000,0.00091,-0.04762,0.00000,0.00501,0.20412,0.20000
1.524,0,0.989,1065,0.400,21.000,20.485,20.000,0.0,0.9080,20.000,0.0008,1.0000,0,10.000,2,-0.01823,0.21000,0.75815,0.94869,1.00000,0.00093,0.05000,0.00000,0.00501,0.20485,0.20000
1.526,0,0.993,1058,0.400,20.000,20.425,20.000,0.0,1.0011,20.000,0.0039,0.9985,0,10.000,2,-0.01114,0.20000,0.75693,0.96283,1.00000,0.00094,-0.04762,0.00000,0.00501,0.20425,0.20000
1.528,0,1.020,1079,0.400,21.000,20.497,20.000,0.0,0.9080,20.000,0.0005,1.0000,0,10.000,2,-0.00751,0.21000,0.75611,0.96725,1.00000,0.00095,0.05000,0.00000,0.00501,0.20497,0.20000
1.530,0,0.988,1066,0.400,20.000,20.435,20.000,0.0,1.0011,20.000,0.0003,1.0000,0,10.000,2,0.02081,0.20000,0.75835,0.95086,1.00000,0.00093,-0.04762,0.00000,0.00501,0.20435,0.20000
1.532,0,1.012,1079,0.400,21.000,20.505,20.000,0.0,0.9080,20.000,0.0035,0.9973,0,10.000,2,-0.01297,0.21000,0.75693,0.96044,1.00000,0.00094,0.05000,0.00000,0.00501,0.20505,0.20000
1.534,0,1.008,1088,0.400,20.000,20.442,20.000,0.0,1.0011,20.000,0.0010,1.0000,0,10.000,2,0.01315,0.20000,0.75835,0.95126,1.00000,0.00093,-0.04762,0.00000,0.00501,0.20442,0.20000
1.536,0,1.004,1094,0.400,21.000,20.512,20.000,0.0,0.9080,20.000,0.0032,1.0000,0,10.000,2,0.00927,0.21000,0.75935,0.93962,1.00000,0.00092,0.05000,0.00000,0.00501,0.20512,0.20000
1.537,0,0.979,1071,0.400,20.000,20.448,20.000,0.0,1.0011,20.000,0.0040,0.9988,0,10.000,2,0.00459,0.20000,0.75985,0.93852,1.00000,0.00091,-0.04762,0.00000,0.00501,0.20448,0.20000
1.539,0,1.022,1094,0.400,21.000,20.517,20.000,0.0,0.9080,20.000,0.0042,0.9989,0,10.000,2,-0.02194,0.21000,0.75744,0.95658,1.00000,0.00093,0.05000,0.00000,0.00501,0.20517,0.20000
1.541,0,1.008,1103,0.400,20.000,20.452,20.000,0.0,1.0011,20.000,-0.0007,1.0000,0,10.000,2,0.02243,0.20000,0.75985,0.93875,1.00000,0.00091,-0.04762,0.00000,0.00501,0.20452,0.20000
1.543,0,0.999,1103,0.400,20.000,20.396,20.000,0.0,1.0011,20.000,-0.0006,1.0000,0,10.000,2,0.00914,0.20000,0.76083,0.92732,1.00000,0.00091,0.00000,0.00000,0.00501,0.20396,0.20000
1.546,0,0.978,1078,0.400,21.000,20.471,20.000,0.0,0.9080,20.000,0.0031,0.9989,0,10.000,2,-0.00091,0.21000,0.76073,0.92559,1.00000,0.00091,0.05000,0.00000,0.00501,0.20471,0.20000
1.548,0,0.995,1072,0.400,20.000,20.412,20.000,0.0,1.0011,20.000,0.0018,1.0000,0,10.000,2,-0.02267,0.20000,0.75825,0.95057,1.00000,0.00093,-0.04762,0.00000,0.00501,0.20412,0.20000
1.550,0,0.980,1049,0.400,21.000,20.486,20.000,0.0,0.9080,20.000,0.0049,0.9982,0,10.000,2,-0.00649,0.21000,0.75754,0.95403,1.00000,0.00093,0.05000,0.00000,0.00501,0.20486,0.20000
1.552,0,1.021,1070,0.400,20.000,20.425,20.000,0.0,1.0011,20.000,0.0020,1.0000,0,10.000,2,-0.02148,0.20000,0.75519,0.97847,1.00000,0.00095,-0.04762,0.00000,0.00501,0.20425,0.20000
1.554,0,1.013,1086,0.400,21.000,20.497,20.000,0.0,0.9080,20.000,0.0035,1.0000,0,10.000,2,0.02195,0.21000,0.75754,0.95462,1.00000,0.00093,0.05000,0.00000,0.00501,0.20497,0.20000
1.556,0,0.993,1079,0.400,20.000,20.435,20.000,0.0,1.0011,20.000,0.0054,0.9987,0,10.000,2,0.01494,0.20000,0.75915,0.94388,1.00000,0.00092,-0.04762,0.00000,0.00501,0.20435,0.20000
1.558,0,1.004,1084,0.400,21.000,20.505,20.000,0.0,0.9080,20.000,0.0054,0.9991,0,10.000,2,-0.00736,0.21000,0.75835,0.94799,1.00000,0.00093,0.05000,0.00000,0.00501,0.20505,0.20000
1.560,0,0.999,1083,0.400,20.000,20.442,20.000,0.0,1.0011,20.000,0.0018,1.0000,0,10.000,2,0.00463,0.20000,0.75885,0.94688,1.00000,0.00092,-0.04762,0.00000,0.00501,0.20442,0.20000
1.562,0,1.008,1091,0.400,21.000,20.512,20.000,0.0,0.9080,20.000,0.0000,1.0000,0,10.000,2,-0.00185,0.21000,0.75865,0.94571,1.00000,0.00092,0.05000,0.00000,0.00501,0.20512,0.20000
1.563,0,1.016,1109,0.400,20.000,20.448,20.000,0.0,1.0011,20.000,0.0046,0.9972,0,10.000,2,0.00832,0.20000,0.75955,0.94111,1.00000,0.00092,-0.04762,0.00000,0.00501,0.20448,0.20000
1.566,0,1.006,1117,0.400,20.000,20.392,20.000,0.0,1.0011,20.000,0.0013,1.0000,0,10.000,2,0.01742,0.20000,0.76142,0.92211,1.00000,0.00090,0.00000,0.00000,0.00501,0.20392,0.20000
1.568,0,1.021,1141,0.400,21.000,20.468,20.000,0.0,0.9080,20.000,0.0046,0.9982,0,10.000,2,0.00631,0.21000,0.76210,0.91382,1.00000,0.00090,0.05000,0.00000,0.00501,0.20468,0.20000
1.571,0,0.985,1124,0.400,20.000,20.410,20.000,0.0,1.0011,20.000,0.0026,1.0000,0,10.000,2,0.02149,0.20000,0.76441,0.89794,1.00000,0.00088,-0.04762,0.00000,0.00501,0.20410,0.20000
1.572,0,0.998,1121,0.400,21.000,20.483,20.000,0.0,0.9080,20.000,0.0001,1.0000,0,10.000,2,-0.01490,0.21000,0.76278,0.90891,1.00000,0.00089,0.05000,0.00000,0.00501,0.20483,0.20000
1.574,0,1.019,1142,0.400,20.000,20.423,20.000,0.0,1.0011,20.000,0.0030,1.0000,0,10.000,2,-0.00356,0.20000,0.76239,0.91546,1.00000,0.00089,-0.04762,0.00000,0.00501,0.20423,0.20000
1.575,0,1.011,1155,0.400,21.000,20.495,20.000,0.0,0.9080,20.000,0.0014,1.0000,0,10.000,2,0.01964,0.21000,0.76450,0.89517,1.00000,0.00088,0.05000,0.00000,0.00501,0.20495,0.20000
1.577,0,1.020,1180,0.400,20.000,20.433,20.000,0.0,1.0011,20.000,0.0044,0.9986,0,10.000,2,0.01226,0.20000,0.76583,0.88746,1.00000,0.00087,-0.04762,0.00000,0.00501,0.20433,0.20000
1.579,0,0.989,1166,0.400,21.000,20.504,20.000,0.0,0.9080,20.000,0.0021,0.9985,0,10.000,2,0.02076,0.21000,0.76805,0.86678,1.00000,0.00085,0.05000,0.00000,0.00501,0.20504,0.20000
1.581,0,1.024,1195,0.400,20.000,20.441,20.000,0.0,1.0011,20.000,0.0035,0.9988,0,10.000,2,-0.01186,0.20000,0.76676,0.88023,1.00000,0.00086,-0.04762,0.00000,0.00501,0.20441,0.20000
1.583,0,0.980,1172,0.400,21.000,20.511,20.000,0.0,0.9080,20.000,0.0016,1.0000,0,10.000,2,0.02573,0.21000,0.76952,0.85551,1.00000,0.00084,0.05000,0.00000,0.00501,0.20511,0.20000
1.585,0,0.986,1155,0.400,20.000,20.447,20.000,0.0,1.0011,20.000,0.0021,1.0000,0,10.000,2,-0.02007,0.20000,0.76732,0.87602,1.00000,0.00085,-0.04762,0.00000,0.00501,0.20447,0.20000
1.587,0,1.006,1163,0.400,20.000,20.391,20.000,0.0,1.0011,20.000,0.0031,1.0000,0,10.000,2,-0.01451,0.20000,0.76573,0.88614,1.00000,0.00087,0.00000,0.00000,0.00501,0.20391,0.20000
1.589,0,1.017,1184,0.400,21.000,20.467,20.000,0.0,0.9080,20.000,0.0049,1.0000,0,10.000,2,0.00693,0.21000,0.76648,0.87764,1.00000,0.00086,0.05000,0.00000,0.00501,0.20467,0.20000
1.592,0,1.018,1207,0.400,20.000,20.409,20.000,0.0,1.0011,20.000,0.0013,1.0000,0,10.000,2,0.01892,0.20000,0.76851,0.86456,1.00000,0.00084,-0.04762,0.00000,0.00501,0.20409,0.20000
1.594,0,1.024,1237,0.400,21.000,20.483,20.000,0.0,0.9080,20.000,0.0019,1.0000,0,10.000,2,0.01941,0.21000,0.77060,0.84568,1.00000,0.00083,0.05000,0.00000,0.00501,0.20483,0.20000
1.596,0,1.002,1240,0.400,20.000,20.422,20.000,0.0,1.0011,20.000,0.0031,1.0000,0,10.000,2,0.02483,0.20000,0.77326,0.82818,1.00000,0.00081,-0.04762,0.00000,0.00501,0.20422,0.20000
1.598,0,0.991,1229,0.400,21.000,20.495,20.000,0.0,0.9080,20.000,0.0023,1.0000,0,10.000,2,0.00162,0.21000,0.77343,0.82441,1.00000,0.00081,0.05000,0.00000,0.00501,0.20495,0.20000
1.600,0,0.981,1206,0.400,20.000,20.433,20.000,0.0,1.0011,20.000,0.0002,1.0000,0,10.000,2,-0.00887,0.20000,0.77247,0.83473,1.00000,0.00081,-0.04762,0.00000,0.00501,0.20433,0.20000
1.601,0,0.989,1191,0.000,0.000,20.433,20.000,0.0,0.0000,20.000,0.0030,0.9997,0,10.000,2,-0.01953,0.00000,0.77033,0.00000,1.00000,0.00083,-1.00000,0.00000,0.00000,0.20433,0.20000
1.603,0,0.988,1175,0.400,21.000,20.504,20.000,0.0,0.9080,20.000,0.0041,0.9985,0,10.000,2,-0.01245,0.21000,0.76897,0.85948,1.00000,0.00084,0.05000,0.00000,0.00501,0.20504,0.20000
1.605,0,0.983,1154,0.400,20.000,20.441,20.000,0.0,1.0011,20.000,0.0046,0.9987,0,10.000,2,-0.01261,0.20000,0.76759,0.87347,1.00000,0.00085,-0.04762,0.00000,0.00501,0.20441,0.20000
1.607,0,0.987,1137,0.400,21.000,20.511,20.000,0.0,0.9080,20.000,0.0023,1.0000,0,10.000,2,-0.01872,0.21000,0.76554,0.88741,1.00000,0.00087,0.05000,0.00000,0.00501,0.20511,0.20000
1.609,0,0.983,1116,0.400,20.000,20.447,20.000,0.0,1.0011,20.000,0.0002,1.0000,0,10.000,2,-0.01474,0.20000,0.76393,0.90377,1.00000,0.00088,-0.04762,0.00000,0.00501,0.20447,0.20000
1.611,0,0.979,1092,0.400,20.000,20.391,20.000,0.0,1.0011,20.000,0.0047,0.9983,0,10.000,2,-0.01761,0.20000,0.76201,0.91710,1.00000,0.00090,0.00000,0.00000,0.00501,0.20391,0.20000
1.613,0,1.007,1100,0.400,21.000,20.467,20.000,0.0,0.9080,20.000,0.0026,1.0000,0,10.000,2,-0.02240,0.21000,0.75955,0.93555,1.00000,0.00092,0.05000,0.00000,0.00501,0.20467,0.20000
1.615,0,0.982,1081,0.400,20.000,20.409,20.000,0.0,1.0011,20.000,0.0035,1.0000,0,10.000,2,0.00917,0.20000,0.76054,0.93052,1.00000,0.00091,-0.04762,0.00000,0.00501,0.20409,0.20000
1.617,0,1.021,1104,0.400,21.000,20.483,20.000,0.0,0.9080,20.000,0.0036,1.0000,0,10.000,2,-0.01817,0.21000,0.75855,0.94503,1.00000,0.00093,0.05000,0.00000,0.00501,0.20483,0.20000
1.618,0,1.023,1131,0.400,20.000,20.422,20.000,0.0,1.0011,20.000,0.0035,0.9990,0,10.000,2,0.02220,0.20000,0.76093,0.92785,1.00000,0.00090,-0.04762,0.00000,0.00501,0.20422,0.20000
1.620,0,1.021,1156,0.400,21.000,20.494,20.000,0.0,0.9080,20.000,-0.0000,1.0000,0,10.000,2,0.02443,0.21000,0.76355,0.90305,1.00000,0.00088,0.05000,0.00000,0.00501,0.20494,0.20000
1.624,0,1.006,1165,0.400,20.000,20.433,20.000,0.0,1.0011,20.000,-0.0003,1.0000,0,10.000,2,0.02208,0.20000,0.76592,0.88667,1.00000,0.00086,-0.04762,0.00000,0.00501,0.20433,0.20000
1.625,0,0.989,1152,0.400,21.000,20.504,20.000,0.0,0.9080,20.000,-0.0004,1.0000,0,10.000,2,0.00691,0.21000,0.76667,0.87792,1.00000,0.00086,0.05000,0.00000,0.00501,0.20504,0.20000
1.627,0,0.983,1131,0.400,20.000,20.441,20.000,0.0,1.0011,20.000,0.0032,0.9988,0,10.000,2,-0.01202,0.20000,0.76535,0.89168,1.00000,0.00087,-0.04762,0.00000,0.00501,0.20441,0.20000
1.629,0,1.015,1149,0.400,21.000,20.511,20.000,0.0,0.9080,20.000,0.0017,1.0000,0,10.000,2,-0.01738,0.21000,0.76345,0.90467,1.00000,0.00088,0.05000,0.00000,0.00501,0.20511,0.20000
1.631,0,1.023,1177,0.400,20.000,20.447,20.000,0.0,1.0011,20.000,-0.0013,1.0000,0,10.000,2,0.01680,0.20000,0.76526,0.89276,1.00000,0.00087,-0.04762,0.00000,0.00501,0.20447,0.20000
1.633,0,0.979,1151,0.400,21.000,20.516,20.000,0.0,0.9080,20.000,0.0034,1.0000,0,10.000,2,0.02348,0.21000,0.76778,0.86957,1.00000,0.00085,0.05000,0.00000,0.00501,0.20516,0.20000
1.635,0,0.999,1148,0.400,20.000,20.451,20.000,0.0,1.0011,20.000,0.0035,0.9998,0,10.000,2,-0.02294,0.20000,0.76526,0.89299,1.00000,0.00087,-0.04762,0.00000,0.00501,0.20451,0.20000
1.637,0,1.018,1168,0.400,20.000,20.395,20.000,0.0,1.0011,20.000,0.0022,1.0000,0,10.000,2,-0.00261,0.20000,0.76498,0.89252,1.00000,0.00087,0.00000,0.00000,0.00501,0.20395,0.20000
1.639,0,1.021,1193,0.400,21.000,20.471,20.000,0.0,0.9080,20.000,0.0006,1.0000,0,10.000,2,0.01831,0.21000,0.76695,0.87405,1.00000,0.00086,0.05000,0.00000,0.00501,0.20471,0.20000
1.640,0,1.012,1209,0.400,20.000,20.412,20.000,0.0,1.0011,20.000,0.0015,1.0000,0,10.000,2,0.02226,0.20000,0.76933,0.85819,1.00000,0.00084,-0.04762,0.00000,0.00501,0.20412,0.20000
1.642,0,0.995,1204,0.400,21.000,20.485,20.000,0.0,20.9080,20.000,0.0023,1.0000,0,10.000,2,0.01340,0.21000,0.77078,0.84441,1.00000,0.00083,0.05000,0.00000,0.00501,0.20485,0.20000
1.646,0,1.021,1230,0.400,20.000,20.425,20.000,0.0,1.0011,20.000,0.0031,1.0000,0,10.000,2,-0.00496,0.20000,0.77024,0.85167,1.00000,0.00083,-0.04762,0.00000,0.00501,0.20425,0.20000
1.647,0,1.024,1260,0.400,21.000,20.497,20.000,0.0,0.9080,20.000,0.0016,1.0000,0,10.000,2,0.02159,0.21000,0.77256,0.83120,1.00000,0.00081,0.05000,0.00000,0.00501,0.20497,0.20000
1.649,0,1.022,1289,0.400,20.000,20.434,20.000,0.0,1.0011,20.000,0.0039,1.0000,0,10.000,2,0.02520,0.20000,0.77526,0.81362,1.00000,0.00079,-0.04762,0.00000,0.00501,0.20434,0.20000
1.651,0,0.998,1285,0.400,21.000,20.505,20.000,0.0,0.9080,20.000,0.0052,0.9978,0,10.000,2,0.02220,0.21000,0.77764,0.79354,1.00000,0.00078,0.05000,0.00000,0.00501,0.20505,0.20000
1.653,0,1.024,1317,0.400,20.000,20.442,20.000,0.0,1.0011,20.000,0.0003,1.0000,0,10.000,2,-0.00310,0.20000,0.77730,0.79876,1.00000,0.00078,-0.04762,0.00000,0.00501,0.20442,0.20000
1.655,0,1.000,1316,0.400,21.000,20.512,20.000,0.0,0.9080,20.000,0.0017,1.0000,0,10.000,2,0.02490,0.21000,0.77997,0.77695,1.00000,0.00076,0.05000,0.00000,0.00501,0.20512,0.20000
1.657,0,1.025,1348,0.400,20.000,20.448,20.000,0.0,1.0011,20.000,0.0041,0.9996,0,10.000,2,-0.00152,0.20000,0.77981,0.78079,1.00000,0.00076,-0.04762,0.00000,0.00501,0.20448,0.20000
1.659,0,0.986,1329,0.400,20.000,20.392,20.000,0.0,1.0011,20.000,0.0021,0.9984,0,10.000,2,0.02510,0.20000,0.78249,0.75930,1.00000,0.00074,0.00000,0.00000,0.00501,0.20392,0.20000
1.661,0,0.985,1308,0.400,21.000,20.468,20.000,0.0,0.9080,20.000,0.0018,1.0000,0,10.000,2,-0.01409,0.21000,0.78095,0.76805,1.00000,0.00075,0.05000,0.00000,0.00501,0.20468,0.20000
1.663,0,1.002,1310,0.400,20.000,20.409,20.000,0.0,1.0011,20.000,0.0032,1.0000,0,10.000,2,-0.01655,0.20000,0.77914,0.78389,1.00000,0.00077,-0.04762,0.00000,0.00501,0.20409,0.20000
1.665,0,0.999,1308,0.400,21.000,20.483,20.000,0.0,0.9080,20.000,0.0038,1.0000,0,10.000,2,0.00230,0.21000,0.77939,0.77986,1.00000,0.00076,0.05000,0.00000,0.00501,0.20483,0.20000
1.667,0,0.980,1280,0.400,20.000,20.423,20.000,0.0,1.0011,20.000,0.0047,0.9998,0,10.000,2,-0.00229,0.20000,0.77914,0.78447,1.00000,0.00077,-0.04762,0.00000,0.00501,0.20423,0.20000
1.670,0,1.007,1290,0.400,21.000,20.495,20.000,0.0,0.9080,20.000,0.0053,0.9981,0,10.000,2,-0.02066,0.21000,0.77688,0.79866,1.00000,0.00078,0.05000,0.00000,0.00501,0.20495,0.20000
1.672,0,0.992,1279,0.400,20.000,20.433,20.000,0.0,1.0011,20.000,0.0027,1.0000,0,10.000,2,0.00781,0.20000,0.77772,0.79527,1.00000,0.00078,-0.04762,0.00000,0.00501,0.20433,0.20000
1.673,0,1.019,1304,0.400,21.000,20.504,20.000,0.0,0.9080,20.000,0.0017,1.0000,0,10.000,2,-0.00853,0.21000,0.77679,0.79969,1.00000,0.00078,0.05000,0.00000,0.00501,0.20504,0.20000
1.675,0,0.997,1299,0.400,20.000,20.441,20.000,0.0,1.0011,20.000,0.0027,1.0000,0,10.000,2,0.01955,0.20000,0.77889,0.78707,1.00000,0.00077,-0.04762,0.00000,0.00501,0.20441,0.20000
1.677,0,0.983,1275,0.400,21.000,20.511,20.000,0.0,0.9080,20.000,0.0031,1.0000,0,10.000,2,-0.00460,0.21000,0.77839,0.78828,1.00000,0.00077,0.05000,0.00000,0.00501,0.20511,0.20000
1.679,0,0.978,1245,0.400,20.000,20.447,20.000,0.0,1.0011,20.000,0.0054,0.9987,0,10.000,2,-0.01849,0.20000,0.77637,0.80588,1.00000,0.00078,-0.04762,0.00000,0.00501,0.20447,0.20000
1.681,0,0.998,1241,0.400,20.000,20.391,20.000,0.0,1.0011,20.000,0.0034,0.9987,0,10.000,2,-0.02355,0.20000,0.77378,0.82274,1.00000,0.00080,0.00000,0.00000,0.00501,0.20391,0.20000
1.683,0,1.016,1260,0.400,21.000,20.467,20.000,0.0,0.9080,20.000,0.0044,1.0000,0,10.000,2,-0.00322,0.21000,0.77343,0.82314,1.00000,0.00081,0.05000,0.00000,0.00501,0.20467,0.20000
1.685,0,1.016,1280,0.400,20.000,20.409,20.000,0.0,1.0011,20.000,0.0012,1.0000,0,10.000,2,0.01613,0.20000,0.77517,0.81310,1.00000,0.00079,-0.04762,0.00000,0.00501,0.20409,0.20000
1.687,0,0.990,1267,0.400,21.000,20.483,20.000,0.0,0.9080,20.000,0.0036,0.9998,0,10.000,2,0.01667,0.21000,0.77696,0.79749,1.00000,0.00078,0.05000,0.00000,0.00501,0.20483,0.20000
1.689,0,0.976,1236,0.400,20.000,20.422,20.000,0.0,1.0011,20.000,0.0013,1.0000,0,10.000,2,-0.01093,0.20000,0.77577,0.80922,1.00000,0.00079,-0.04762,0.00000,0.00501,0.20422,0.20000
1.691,0,1.014,1254,0.000,0.000,20.422,20.000,0.0,0.0000,20.000,0.0000,1.0000,0,10.000,2,-0.02447,0.00000,0.77308,0.00000,1.00000,0.00081,-1.00000,0.00000,0.00000,0.20422,0.20000
1.693,0,1.002,1258,0.400,21.000,20.495,20.000,0.0,0.9080,20.000,0.0024,1.0000,0,10.000,2,0.01537,0.21000,0.77474,0.81455,1.00000,0.00080,0.05000,0.00000,0.00501,0.20495,0.20000
1.695,0,1.002,1262,0.400,20.000,20.433,20.000,0.0,1.0011,20.000,0.0027,1.0000,0,10.000,2,0.00319,0.20000,0.77508,0.81483,1.00000,0.00079,-0.04762,0.00000,0.00501,0.20433,0.20000
1.697,0,1.011,1278,0.400,21.000,20.504,20.000,0.0,0.9080,20.000,0.0033,1.0000,0,10.000,2,0.00318,0.21000,0.77543,0.80980,1.00000,0.00079,0.05000,0.00000,0.00501,0.20504,0.20000
1.699,0,0.989,1264,0.400,20.000,20.441,20.000,0.0,1.0011,20.000,0.0023,1.0000,0,10.000,2,0.01267,0.20000,0.77679,0.80245,1.00000,0.00078,-0.04762,0.00000,0.00501,0.20441,0.20000
1.702,0,0.993,1254,0.400,21.000,20.511,20.000,0.0,0.9080,20.000,0.0020,0.9996,0,10.000,2,-0.01251,0.21000,0.77543,0.81012,1.00000,0.00079,0.05000,0.00000,0.00501,0.20511,0.20000
1.704,0,0.992,1244,0.400,20.000,20.447,20.000,0.0,1.0011,20.000,0.0017,1.0000,0,10.000,2,-0.00713,0.20000,0.77465,0.81872,1.00000,0.00080,-0.04762,0.00000,0.00501,0.20447,0.20000
1.706,0,1.010,1257,0.400,21.000,20.516,20.000,0.0,0.9080,20.000,0.0024,1.0000,0,10.000,2,-0.00797,0.21000,0.77378,0.82274,1.00000,0.00080,0.05000,0.00000,0.00501,0.20516,0.20000
1.708,0,0.999,1255,0.400,20.000,20.451,20.000,0.0,1.0011,20.000,0.0041,1.0000,0,10.000,2,0.01045,0.20000,0.77491,0.81698,1.00000,0.00080,-0.04762,0.00000,0.00501,0.20451,0.20000
1.710,0,1.013,1271,0.400,20.000,20.395,20.000,0.0,1.0011,20.000,0.0050,0.9992,0,10.000,2,-0.00239,0.20000,0.77465,0.81636,1.00000,0.00080,0.00000,0.00000,0.00501,0.20395,0.20000
1.712,0,1.019,1296,0.400,21.000,20.471,20.000,0.0,0.9080,20.000,0.0009,1.0000,0,10.000,2,0.01435,0.21000,0.77620,0.80259,1.00000,0.00079,0.05000,0.00000,0.00501,0.20471,0.20000
1.714,0,1.011,1311,0.400,20.000,20.412,20.000,0.0,1.0011,20.000,0.0005,1.0000,0,10.000,2,0.01965,0.20000,0.77831,0.79004,1.00000,0.00077,-0.04762,0.00000,0.00501,0.20412,0.20000
1.716,0,0.996,1307,0.400,21.000,20.485,20.000,0.0,0.9080,20.000,0.0028,1.0000,0,10.000,2,0.01157,0.21000,0.77956,0.77876,1.00000,0.00076,0.05000,0.00000,0.00501,0.20485,0.20000
1.718,0,0.989,1293,0.400,20.000,20.425,20.000,0.0,1.0011,20.000,0.0019,1.0000,0,10.000,2,-0.00381,0.20000,0.77914,0.78456,1.00000,0.00077,-0.04762,0.00000,0.00501,0.20425,0.20000
1.720,0,1.001,1294,0.400,21.000,20.497,20.000,0.0,0.9080,20.000,0.0025,1.0000,0,10.000,2,-0.01148,0.21000,0.77789,0.79131,1.00000,0.00077,0.05000,0.00000,0.00501,0.20497,0.20000
1.723,0,0.987,1277,0.400,20.000,20.435,20.000,0.0,1.0011,20.000,0.0043,1.0000,0,10.000,2,0.00155,0.20000,0.77806,0.79287,1.00000,0.00077,-0.04762,0.00000,0.00501,0.20435,0.20000
1.725,0,0.980,1250,0.400,21.000,20.505,20.000,0.0,0.9080,20.000,0.0017,1.0000,0,10.000,2,-0.01391,0.21000,0.77654,0.80162,1.00000,0.00078,0.05000,0.00000,0.00501,0.20505,0.20000
1.727,0,1.020,1274,0.400,20.000,20.442,20.000,0.0,1.0011,20.000,0.0022,1.0000,0,10.000,2,-0.02116,0.20000,0.77422,0.82178,1.00000,0.00080,-0.04762,0.00000,0.00501,0.20442,0.20000
1.729,0,1.012,1291,0.400,21.000,20.512,20.000,0.0,0.9080,20.000,0.0020,1.0000,0,10.000,2,0.02082,0.21000,0.77645,0.80255,1.00000,0.00078,0.05000,0.00000,0.00501,0.20512,0.20000
1.732,0,1.016,1314,0.400,20.000,20.448,20.000,0.0,1.0011,20.000,0.0032,1.0000,0,10.000,2,0.01333,0.20000,0.77789,0.79469,1.00000,0.00077,-0.04762,0.00000,0.00501,0.20448,0.20000
1.734,0,1.025,1348,0.400,20.000,20.392,20.000,0.0,1.0011,20.000,0.0030,1.0000,0,10.000,2,0.01780,0.20000,0.77981,0.77835,1.00000,0.00076,0.00000,0.00000,0.00501,0.20392,0.20000
1.736,0,0.982,1324,0.400,21.000,20.468,20.000,0.0,0.9080,20.000,0.0025,1.0000,0,10.000,2,0.02510,0.21000,0.78249,0.75722,1.00000,0.00074,0.05000,0.00000,0.00501,0.20468,0.20000
1.738,0,0.981,1298,0.400,20.000,20.409,20.000,0.0,1.0011,20.000,0.0058,0.9993,0,10.000,2,-0.01855,0.20000,0.78046,0.77441,1.00000,0.00076,-0.04762,0.00000,0.00501,0.20409,0.20000
1.740,0,0.988,1282,0.400,21.000,20.483,20.000,0.0,0.9080,20.000,0.0034,0.9987,0,10.000,2,-0.01890,0.21000,0.77839,0.78707,1.00000,0.00077,0.05000,0.00000,0.00501,0.20483,0.20000
1.742,0,1.008,1293,0.400,20.000,20.423,20.000,0.0,1.0011,20.000,0.0025,0.9964,0,10.000,2,-0.01233,0.20000,0.77705,0.79977,1.00000,0.00078,-0.04762,0.00000,0.00501,0.20423,0.20000
1.744,0,0.996,1288,0.400,21.000,20.495,20.000,0.0,0.9080,20.000,0.0049,0.9976,0,10.000,2,0.00936,0.21000,0.77806,0.79002,1.00000,0.00077,0.05000,0.00000,0.00501,0.20495,0.20000
1.746,0,0.999,1287,0.400,20.000,20.433,20.000,0.0,1.0011,20.000,0.0023,1.0000,0,10.000,2,-0.00464,0.20000,0.77755,0.79650,1.00000,0.00078,-0.04762,0.00000,0.00501,0.20433,0.20000
1.749,0,1.007,1296,0.400,21.000,20.504,20.000,0.0,0.9080,20.000,0.0034,1.0000,0,10.000,2,-0.00155,0.21000,0.77739,0.79533,1.00000,0.00078,0.05000,0.00000,0.00501,0.20504,0.20000
1.751,0,1.014,1315,0.400,20.000,20.441,20.000,0.0,1.0011,20.000,0.0053,1.0000,0,10.000,2,0.00778,0.20000,0.77823,0.79193,1.00000,0.00077,-0.04762,0.00000,0.00501,0.20441,0.20000
1.753,0,1.017,1339,0.400,21.000,20.511,20.000,0.0,0.9080,20.000,0.0013,1.0000,0,10.000,2,0.01543,0.21000,0.77989,0.77750,1.00000,0.00076,0.05000,0.00000,0.00501,0.20511,0.20000
1.755,0,0.985,1320,0.400,20.000,20.447,20.000,0.0,1.0011,20.000,0.0015,1.0000,0,10.000,2,0.01824,0.20000,0.78185,0.76619,1.00000,0.00075,-0.04762,0.00000,0.00501,0.20447,0.20000
1.757,0,0.994,1311,0.400,20.000,20.391,20.000,0.0,1.0011,20.000,0.0023,1.0000,0,10.000,2,-0.01567,0.20000,0.78014,0.77596,1.00000,0.00076,0.00000,0.00000,0.00501,0.20391,0.20000
1.759,0,0.977,1280,0.400,21.000,20.467,20.000,0.0,0.9080,20.000,0.0028,1.0000,0,10.000,2,-0.00682,0.21000,0.77939,0.77916,1.00000,0.00076,0.05000,0.00000,0.00501,0.20467,0.20000
1.761,0,0.976,1248,0.400,20.000,20.409,20.000,0.0,1.0011,20.000,0.0036,1.0000,0,10.000,2,-0.02290,0.20000,0.77688,0.80040,1.00000,0.00078,-0.04762,0.00000,0.00501,0.20409,0.20000
1.763,0,1.017,1269,0.400,21.000,20.483,20.000,0.0,0.9080,20.000,0.0040,0.9999,0,10.000,2,-0.02500,0.21000,0.77413,0.81858,1.00000,0.00080,0.05000,0.00000,0.00501,0.20483,0.20000
1.765,0,1.015,1290,0.400,20.000,20.422,20.000,0.0,1.0011,20.000,0.0033,1.0000,0,10.000,2,0.01763,0.20000,0.77603,0.80731,1.00000,0.00079,-0.04762,0.00000,0.00501,0.20422,0.20000
1.767,0,0.992,1280,0.400,21.000,20.495,20.000,0.0,0.9080,20.000,0.0039,1.0000,0,10.000,2,0.01575,0.21000,0.77772,0.79245,1.00000,0.00078,0.05000,0.00000,0.00501,0.20495,0.20000
1.769,0,0.979,1253,0.400,20.000,20.433,20.000,0.0,1.0011,20.000,0.0028,1.0000,0,10.000,2,-0.00775,0.20000,0.77688,0.80147,1.00000,0.00078,-0.04762,0.00000,0.00501,0.20433,0.20000
1.771,0,0.988,1236,0.400,21.000,20.504,20.000,0.0,0.9080,20.000,0.0037,1.0000,0,10.000,2,-0.02187,0.21000,0.77448,0.81692,1.00000,0.00080,0.05000,0.00000,0.00501,0.20504,0.20000
1.773,0,0.982,1213,0.400,20.000,20.441,20.000,0.0,1.0011,20.000,0.0038,1.0000,0,10.000,2,-0.01358,0.20000,0.77300,0.83104,1.00000,0.00081,-0.04762,0.00000,0.00501,0.20441,0.20000
1.775,0,1.021,1238,0.400,21.000,20.511,20.000,0.0,0.9080,20.000,0.0035,1.0000,0,10.000,2,-0.01862,0.21000,0.77096,0.84421,1.00000,0.00083,0.05000,0.00000,0.00501,0.20511,0.20000
1.777,0,1.003,1244,0.400,20.000,20.447,20.000,0.0,1.0011,20.000,0.0052,0.9992,0,10.000,2,0.02228,0.20000,0.77335,0.82864,1.00000,0.00081,-0.04762,0.00000,0.00501,0.20447,0.20000
1.779,0,1.013,1260,0.400,20.000,20.391,20.000,0.0,1.0011,20.000,0.0025,1.0000,0,10.000,2,0.00404,0.20000,0.77378,0.82274,1.00000,0.00080,0.00000,0.00000,0.00501,0.20391,0.20000
1.781,0,0.979,1233,0.400,21.000,20.467,20.000,0.0,0.9080,20.000,0.0028,1.0000,0,10.000,2,0.01286,0.21000,0.77517,0.81007,1.00000,0.00079,0.05000,0.00000,0.00501,0.20467,0.20000
1.783,0,0.983,1211,0.400,20.000,20.409,20.000,0.0,1.0011,20.000,0.0037,0.9986,0,10.000,2,-0.02222,0.20000,0.77273,0.83157,1.00000,0.00081,-0.04762,0.00000,0.00501,0.20409,0.20000
1.785,0,0.986,1193,0.000,0.000,20.409,20.000,0.0,0.0000,20.000,0.0009,1.0000,0,10.000,2,-0.01705,0.00000,0.77087,0.00000,1.00000,0.00083,-1.00000,0.00000,0.00000,0.20409,0.20000
1.787,0,1.020,1218,0.400,21.000,20.483,20.000,0.0,0.9080,20.000,0.0007,1.0000,0,10.000,2,-0.01486,0.21000,0.76924,0.85631,1.00000,0.00084,0.05000,0.00000,0.00501,0.20483,0.20000
1.789,0,0.991,1207,0.400,20.000,20.422,20.000,0.0,1.0011,20.000,0.0025,1.0000,0,10.000,2,0.02179,0.20000,0.77158,0.84108,1.00000,0.00082,-0.04762,0.00000,0.00501,0.20422,0.20000
1.791,0,1.023,1236,0.400,21.000,20.494,20.000,0.0,0.9080,20.000,0.0022,1.0000,0,10.000,2,-0.00984,0.21000,0.77051,0.84694,1.00000,0.00083,0.05000,0.00000,0.00501,0.20494,0.20000
1.793,0,1.017,1257,0.400,20.000,20.433,20.000,0.0,1.0011,20.000,0.0016,1.0000,0,10.000,2,0.02403,0.20000,0.77308,0.82999,1.00000,0.00081,-0.04762,0.00000,0.00501,0.20433,0.20000
1.794,0,1.000,1256,0.400,21.000,20.504,20.000,0.0,0.9080,20.000,-0.0006,1.0000,0,10.000,2,0.01699,0.21000,0.77491,0.81367,1.00000,0.00080,0.05000,0.00000,0.00501,0.20504,0.20000
1.796,0,1.013,1271,0.400,20.000,20.441,20.000,0.0,1.0011,20.000,0.0011,1.0000,0,10.000,2,-0.00159,0.20000,0.77474,0.81779,1.00000,0.00080,-0.04762,0.00000,0.00501,0.20441,0.20000
1.799,0,1.013,1290,0.400,21.000,20.511,20.000,0.0,0.9080,20.000,0.0005,1.0000,0,10.000,2,0.01355,0.21000,0.77620,0.80438,1.00000,0.00079,0.05000,0.00000,0.00501,0.20511,0.20000
1.801,0,0.994,1281,0.400,20.000,20.447,20.000,0.0,1.0011,20.000,0.0019,1.0000,0,10.000,2,0.01415,0.20000,0.77772,0.79587,1.00000,0.00078,-0.04762,0.00000,0.00501,0.20447,0.20000
1.803,0,1.019,1304,0.400,21.000,20.516,20.000,0.0,0.9080,20.000,0.0024,1.0000,0,10.000,2,-0.00775,0.21000,0.77688,0.79960,1.00000,0.00078,0.05000,0.00000,0.00501,0.20516,0.20000
1.806,0,1.012,1320,0.400,20.000,20.451,20.000,0.0,1.0011,20.000,0.0030,1.0000,0,10.000,2,0.01875,0.20000,0.77889,0.78753,1.00000,0.00077,-0.04762,0.00000,0.00501,0.20451,0.20000
1.808,0,1.024,1354,0.400,20.000,20.395,20.000,0.0,1.0011,20.000,0.0049,0.9979,0,10.000,2,0.01304,0.20000,0.78030,0.77496,1.00000,0.00076,0.00000,0.00000,0.00501,0.20395,0.20000
1.810,0,0.991,1342,0.400,21.000,20.471,20.000,0.0,0.9080,20.000,0.0041,0.9979,0,10.000,2,0.02574,0.21000,0.78306,0.75343,1.00000,0.00074,0.05000,0.00000,0.00501,0.20471,0.20000
1.812,0,0.994,1333,0.400,20.000,20.412,20.000,0.0,1.0011,20.000,0.0035,1.0000,0,10.000,2,-0.00959,0.20000,0.78201,0.76354,1.00000,0.00075,-0.04762,0.00000,0.00501,0.20412,0.20000
1.813,0,1.019,1359,0.400,21.000,20.485,20.000,0.0,0.9080,20.000,0.0009,1.0000,0,10.000,2,-0.00671,0.21000,0.78128,0.76649,1.00000,0.00075,0.05000,0.00000,0.00501,0.20485,0.20000
1.815,0,1.020,1387,0.400,20.000,20.425,20.000,0.0,1.0011,20.000,0.0025,1.0000,0,10.000,2,0.02026,0.20000,0.78346,0.75398,1.00000,0.00074,-0.04762,0.00000,0.00501,0.20425,0.20000
1.817,0,1.007,1398,0.400,21.000,20.497,20.000,0.0,0.9080,20.000,0.0051,1.0000,0,10.000,2,0.01985,0.21000,0.78559,0.73711,1.00000,0.00072,0.05000,0.00000,0.00501,0.20497,0.20000
1.819,0,0.978,1368,0.400,20.000,20.434,20.000,0.0,1.0011,20.000,0.0003,1.0000,0,10.000,2,0.00865,0.20000,0.78652,0.73336,1.00000,0.00071,-0.04762,0.00000,0.00501,0.20434,0.20000
1.821,0,1.002,1371,0.400,21.000,20.505,20.000,0.0,0.9080,20.000,0.0055,0.9992,0,10.000,2,-0.02216,0.21000,0.78409,0.74771,1.00000,0.00073,0.05000,0.00000,0.00501,0.20505,0.20000
1.823,0,1.019,1398,0.400,20.000,20.442,20.000,0.0,1.0011,20.000,0.0011,1.0000,0,10.000,2,0.00292,0.20000,0.78441,0.74811,1.00000,0.00073,-0.04762,0.00000,0.00501,0.20442,0.20000
1.825,0,0.985,1377,0.400,21.000,20.512,20.000,0.0,0.9080,20.000,0.0034,1.0000,0,10.000,2,0.01895,0.21000,0.78645,0.73194,1.00000,0.00072,0.05000,0.00000,0.00501,0.20512,0.20000
1.827,0,0.979,1347,0.400,20.000,20.448,20.000,0.0,1.0011,20.000,0.0004,1.0000,0,10.000,2,-0.01502,0.20000,0.78480,0.74563,1.00000,0.00073,-0.04762,0.00000,0.00501,0.20448,0.20000
1.829,0,0.982,1321,0.400,20.000,20.392,20.000,0.0,1.0011,20.000,0.0016,1.0000,0,10.000,2,-0.02251,0.20000,0.78233,0.76043,1.00000,0.00074,0.00000,0.00000,0.00501,0.20392,0.20000
1.832,0,1.015,1340,0.400,21.000,20.468,20.000,0.0,0.9080,20.000,-0.0006,1.0000,0,10.000,2,-0.01932,0.21000,0.78022,0.77328,1.00000,0.00076,0.05000,0.00000,0.00501,0.20468,0.20000
1.834,0,1.017,1365,0.400,20.000,20.409,20.000,0.0,1.0011,20.000,0.0025,1.0000,0,10.000,2,0.01591,0.20000,0.78193,0.76401,1.00000,0.00075,-0.04762,0.00000,0.00501,0.20409,0.20000
1.836,0,0.976,1333,0.400,21.000,20.483,20.000,0.0,0.9080,20.000,0.0029,1.0000,0,10.000,2,0.01864,0.21000,0.78393,0.74789,1.00000,0.00073,0.05000,0.00000,0.00501,0.20483,0.20000
1.838,0,1.024,1365,0.400,20.000,20.423,20.000,0.0,1.0011,20.000,0.0046,0.9978,0,10.000,2,-0.02416,0.20000,0.78128,0.76917,1.00000,0.00075,-0.04762,0.00000,0.00501,0.20423,0.20000
1.840,0,1.019,1392,0.400,21.000,20.495,20.000,0.0,0.9080,20.000,0.0013,1.0000,0,10.000,2,0.02476,0.21000,0.78393,0.74838,1.00000,0.00073,0.05000,0.00000,0.00501,0.20495,0.20000
1.842,0,1.002,1395,0.400,20.000,20.433,20.000,0.0,1.0011,20.000,0.0032,1.0000,0,10.000,2,0.01903,0.20000,0.78598,0.73699,1.00000,0.00072,-0.04762,0.00000,0.00501,0.20433,0.20000
1.843,0,1.004,1402,0.400,21.000,20.504,20.000,0.0,0.9080,20.000,0.0013,1.0000,0,10.000,2,0.00287,0.21000,0.78629,0.73266,1.00000,0.00072,0.05000,0.00000,0.00501,0.20504,0.20000
1.845,0,0.989,1388,0.400,20.000,20.441,20.000,0.0,1.0011,20.000,0.0039,1.0000,0,10.000,2,0.00501,0.20000,0.78683,0.73154,1.00000,0.00071,-0.04762,0.00000,0.00501,0.20441,0.20000
1.847,0,0.997,1383,0.400,21.000,20.511,20.000,0.0,20.9080,20.000,0.0040,0.9987,0,10.000,2,-0.01140,0.21000,0.78559,0.73770,1.00000,0.00072,0.05000,0.00000,0.00501,0.20511,0.20000
1.851,0,0.980,1354,0.400,20.000,20.447,20.000,0.0,1.0011,20.000,0.0056,0.9982,0,10.000,2,-0.00360,0.20000,0.78520,0.74290,1.00000,0.00072,-0.04762,0.00000,0.00501,0.20447,0.20000
1.852,0,1.009,1367,0.400,20.000,20.391,20.000,0.0,1.0011,20.000,0.0009,1.0000,0,10.000,2,-0.02026,0.20000,0.78298,0.75590,1.00000,0.00074,0.00000,0.00000,0.00501,0.20391,0.20000
1.854,0,0.980,1340,0.400,21.000,20.467,20.000,0.0,0.9080,20.000,0.0027,1.0000,0,10.000,2,0.01034,0.21000,0.78409,0.74612,1.00000,0.00073,0.05000,0.00000,0.00501,0.20467,0.20000
1.856,0,0.995,1332,0.400,20.000,20.409,20.000,0.0,1.0011,20.000,0.0048,1.0000,0,10.000,2,-0.02120,0.20000,0.78177,0.76513,1.00000,0.00075,-0.04762,0.00000,0.00501,0.20409,0.20000
1.858,0,0.981,1306,0.400,21.000,20.483,20.000,0.0,0.9080,20.000,0.0033,1.0000,0,10.000,2,-0.00523,0.21000,0.78120,0.76695,1.00000,0.00075,0.05000,0.00000,0.00501,0.20483,0.20000
1.860,0,0.980,1279,0.400,20.000,20.422,20.000,0.0,1.0011,20.000,0.0004,1.0000,0,10.000,2,-0.02027,0.20000,0.77898,0.78566,1.00000,0.00077,-0.04762,0.00000,0.00501,0.20422,0.20000
1.862,0,1.013,1296,0.400,21.000,20.495,20.000,0.0,0.9080,20.000,0.0050,0.9982,0,10.000,2,-0.02069,0.21000,0.77671,0.79989,1.00000,0.00078,0.05000,0.00000,0.00501,0.20495,0.20000
1.864,0,0.979,1269,0.400,20.000,20.433,20.000,0.0,1.0011,20.000,0.0023,1.0000,0,10.000,2,0.01487,0.20000,0.77831,0.79096,1.00000,0.00077,-0.04762,0.00000,0.00501,0.20433,0.20000
1.866,0,1.025,1301,0.400,21.000,20.504,20.000,0.0,0.9080,20.000,0.0014,0.9995,0,10.000,2,-0.02159,0.21000,0.77594,0.80597,1.00000,0.00079,0.05000,0.00000,0.00501,0.20504,0.20000
1.868,0,1.003,1306,0.400,20.000,20.441,20.000,0.0,1.0011,20.000,0.0044,0.9982,0,10.000,2,0.02522,0.20000,0.77864,0.78888,1.00000,0.00077,-0.04762,0.00000,0.00501,0.20441,0.20000
1.870,0,1.018,1331,0.400,21.000,20.511,20.000,0.0,0.9080,20.000,0.0019,1.0000,0,10.000,2,0.00461,0.21000,0.77914,0.78285,1.00000,0.00077,0.05000,0.00000,0.00501,0.20511,0.20000
1.873,0,1.024,1363,0.400,20.000,20.447,20.000,0.0,1.0011,20.000,0.0024,1.0000,0,10.000,2,0.01836,0.20000,0.78112,0.77136,1.00000,0.00075,-0.04762,0.00000,0.00501,0.20447,0.20000
1.874,0,0.980,1335,0.400,21.000,20.516,20.000,0.0,0.9080,20.000,-0.0009,1.0000,0,10.000,2,0.02404,0.21000,0.78370,0.75091,1.00000,0.00073,0.05000,0.00000,0.00501,0.20516,0.20000
1.877,0,0.981,1309,0.000,0.000,20.516,20.000,0.0,0.0000,20.000,0.0023,0.9998,0,10.000,2,-0.02054,0.00000,0.78144,0.00000,1.00000,0.00075,-1.00000,0.00000,0.00000,0.20516,0.20000
1.879,0,0.990,1294,0.400,20.000,20.451,20.000,0.0,1.0011,20.000,0.0037,0.9980,0,10.000,2,-0.02022,0.20000,0.77923,0.78513,1.00000,0.00076,-0.04762,0.00000,0.00501,0.20451,0.20000
1.882,0,1.023,1323,0.400,20.000,20.395,20.000,0.0,1.0011,20.000,0.0011,1.0000,0,10.000,2,-0.01147,0.20000,0.77798,0.79174,1.00000,0.00077,0.00000,0.00000,0.00501,0.20395,0.20000
1.884,0,1.024,1355,0.400,21.000,20.471,20.000,0.0,0.9080,20.000,0.0025,1.0000,0,10.000,2,0.02320,0.21000,0.78046,0.77165,1.00000,0.00076,0.05000,0.00000,0.00501,0.20471,0.20000
1.886,0,0.992,1345,0.400,20.000,20.412,20.000,0.0,1.0011,20.000,0.0037,1.0000,0,10.000,2,0.02494,0.20000,0.78314,0.75566,1.00000,0.00074,-0.04762,0.00000,0.00501,0.20412,0.20000
1.888,0,0.999,1343,0.400,21.000,20.485,20.000,0.0,0.9080,20.000,0.0020,1.0000,0,10.000,2,-0.00885,0.21000,0.78217,0.76022,1.00000,0.00074,0.05000,0.00000,0.00501,0.20485,0.20000
1.891,0,1.021,1371,0.400,20.000,20.425,20.000,0.0,1.0011,20.000,0.0031,1.0000,0,10.000,2,-0.00074,0.20000,0.78209,0.76352,1.00000,0.00074,-0.04762,0.00000,0.00501,0.20425,0.20000
1.893,0,1.012,1389,0.400,21.000,20.497,20.000,0.0,0.9080,20.000,0.0042,1.0000,0,10.000,2,0.02159,0.21000,0.78441,0.74517,1.00000,0.00073,0.05000,0.00000,0.00501,0.20497,0.20000
1.894,0,0.998,1387,0.400,20.000,20.435,20.000,0.0,1.0011,20.000,0.0026,1.0000,0,10.000,2,0.01312,0.20000,0.78582,0.73811,1.00000,0.00072,-0.04762,0.00000,0.00501,0.20435,0.20000
1.896,0,0.980,1359,0.400,21.000,20.505,20.000,0.0,0.9080,20.000,0.0030,0.9980,0,10.000,2,-0.00216,0.21000,0.78559,0.73747,1.00000,0.00072,0.05000,0.00000,0.00501,0.20505,0.20000
1.898,0,1.024,1391,0.400,20.000,20.442,20.000,0.0,1.0011,20.000,0.0043,0.9987,0,10.000,2,-0.02091,0.20000,0.78330,0.75582,1.00000,0.00074,-0.04762,0.00000,0.00501,0.20442,0.20000
1.900,0,1.016,1414,0.400,21.000,20.512,20.000,0.0,0.9080,20.000,0.0045,0.9987,0,10.000,2,0.02430,0.21000,0.78590,0.73562,1.00000,0.00072,0.05000,0.00000,0.00501,0.20512,0.20000
1.903,0,1.010,1428,0.400,20.000,20.448,20.000,0.0,1.0011,20.000,0.0047,0.9980,0,10.000,2,0.01653,0.20000,0.78768,0.72612,1.00000,0.00071,-0.04762,0.00000,0.00501,0.20448,0.20000
1.905,0,1.015,1451,0.400,20.000,20.392,20.000,0.0,1.0011,20.000,-0.0003,0.9994,0,10.000,2,0.01061,0.20000,0.78883,0.71626,1.00000,0.00070,0.00000,0.00000,0.00501,0.20392,0.20000
1.907,0,0.995,1444,0.400,21.000,20.468,20.000,0.0,0.9080,20.000,0.0013,1.0000,0,10.000,2,0.01610,0.21000,0.79056,0.70298,1.00000,0.00069,0.05000,0.00000,0.00501,0.20468,0.20000
1.909,0,1.021,1475,0.400,20.000,20.409,20.000,0.0,1.0011,20.000,0.0012,1.0000,0,10.000,2,-0.00551,0.20000,0.78996,0.70951,1.00000,0.00069,-0.04762,0.00000,0.00501,0.20409,0.20000
1.911,0,0.990,1460,0.400,21.000,20.483,20.000,0.0,0.9080,20.000,0.0022,1.0000,0,10.000,2,0.02216,0.21000,0.79234,0.69215,1.00000,0.00068,0.05000,0.00000,0.00501,0.20483,0.20000
1.914,0,0.992,1449,0.400,20.000,20.423,20.000,0.0,1.0011,20.000,0.0026,1.0000,0,10.000,2,-0.01084,0.20000,0.79115,0.70227,1.00000,0.00068,-0.04762,0.00000,0.00501,0.20423,0.20000
1.916,0,1.015,1472,0.400,21.000,20.495,20.000,0.0,0.9080,20.000,0.0016,0.9992,0,10.000,2,-0.00753,0.21000,0.79033,0.70551,1.00000,0.00069,0.05000,0.00000,0.00501,0.20495,0.20000
1.918,0,0.982,1446,0.400,20.000,20.433,20.000,0.0,1.0011,20.000,0.0015,1.0000,0,10.000,2,0.01656,0.20000,0.79212,0.69647,1.00000,0.00068,-0.04762,0.00000,0.00501,0.20433,0.20000
1.919,0,1.001,1448,0.400,21.000,20.504,20.000,0.0,0.9080,20.000,0.0012,1.0000,0,10.000,2,-0.01901,0.21000,0.79003,0.70782,1.00000,0.00069,0.05000,0.00000,0.00501,0.20504,0.20000
1.921,0,1.014,1470,0.400,20.000,20.441,20.000,0.0,1.0011,20.000,0.0017,1.0000,0,10.000,2,0.00277,0.20000,0.79033,0.70831,1.00000,0.00069,-0.04762,0.00000,0.00501,0.20441,0.20000
1.923,0,0.985,1448,0.400,21.000,20.511,20.000,0.0,0.9080,20.000,0.0023,1.0000,0,10.000,2,0.01449,0.21000,0.79189,0.69605,1.00000,0.00068,0.05000,0.00000,0.00501,0.20511,0.20000
1.925,0,0.988,1430,0.400,20.000,20.447,20.000,0.0,1.0011,20.000,0.0057,0.9986,0,10.000,2,-0.01497,0.20000,0.79026,0.70904,1.00000,0.00069,-0.04762,0.00000,0.00501,0.20447,0.20000
1.927,0,1.018,1455,0.400,20.000,20.391,20.000,0.0,1.0011,20.000,0.0021,1.0000,0,10.000,2,-0.01312,0.20000,0.78883,0.71623,1.00000,0.00070,0.00000,0.00000,0.00501,0.20391,0.20000
1.930,0,0.981,1427,0.400,21.000,20.467,20.000,0.0,0.9080,20.000,0.0052,0.9989,0,10.000,2,0.01819,0.21000,0.79078,0.70151,1.00000,0.00069,0.05000,0.00000,0.00501,0.20467,0.20000
1.932,0,1.006,1436,0.400,20.000,20.409,20.000,0.0,1.0011,20.000,0.0058,0.9987,0,10.000,2,-0.01993,0.20000,0.78860,0.71845,1.00000,0.00070,-0.04762,0.00000,0.00501,0.20409,0.20000
1.933,0,0.979,1407,0.400,21.000,20.483,20.000,0.0,0.9080,20.000,0.0001,1.0000,0,10.000,2,0.00771,0.21000,0.78943,0.71091,1.00000,0.00070,0.05000,0.00000,0.00501,0.20483,0.20000
1.935,0,1.005,1415,0.400,20.000,20.422,20.000,0.0,1.0011,20.000,0.0050,0.9997,0,10.000,2,-0.02088,0.20000,0.78714,0.72870,1.00000,0.00071,-0.04762,0.00000,0.00501,0.20422,0.20000
1.938,0,0.994,1408,0.400,21.000,20.495,20.000,0.0,0.9080,20.000,0.0034,1.0000,0,10.000,2,0.00640,0.21000,0.78783,0.72194,1.00000,0.00071,0.05000,0.00000,0.00501,0.20495,0.20000
1.939,0,1.012,1425,0.400,20.000,20.433,20.000,0.0,1.0011,20.000,0.0024,1.0000,0,10.000,2,-0.00636,0.20000,0.78714,0.72912,1.00000,0.00071,-0.04762,0.00000,0.00501,0.20433,0.20000
1.941,0,0.995,1419,0.400,21.000,20.504,20.000,0.0,0.9080,20.000,0.0040,1.0000,0,10.000,2,0.01350,0.21000,0.78860,0.71724,1.00000,0.00070,0.05000,0.00000,0.00501,0.20504,0.20000
1.943,0,0.986,1399,0.400,20.000,20.441,20.000,0.0,1.0011,20.000,0.0046,0.9983,0,10.000,2,-0.00491,0.20000,0.78806,0.72328,1.00000,0.00070,-0.04762,0.00000,0.00501,0.20441,0.20000
1.945,0,1.006,1408,0.400,21.000,20.511,20.000,0.0,0.9080,20.000,0.0022,1.0000,0,10.000,2,-0.01409,0.21000,0.78652,0.73137,1.00000,0.00071,0.05000,0.00000,0.00501,0.20511,0.20000
1.947,0,0.979,1378,0.400,20.000,20.447,20.000,0.0,1.0011,20.000,0.0011,1.0000,0,10.000,2,0.00715,0.20000,0.78730,0.72866,1.00000,0.00071,-0.04762,0.00000,0.00501,0.20447,0.20000
1.949,0,0.984,1355,0.400,21.000,20.516,20.000,0.0,0.9080,20.000,0.0029,1.0000,0,10.000,2,-0.02200,0.21000,0.78488,0.74273,1.00000,0.00073,0.05000,0.00000,0.00501,0.20516,0.20000
1.951,0,1.001,1357,0.400,20.000,20.451,20.000,0.0,1.0011,20.000,0.0002,1.0000,0,10.000,2,-0.01669,0.20000,0.78306,0.75789,1.00000,0.00074,-0.04762,0.00000,0.00501,0.20451,0.20000
1.953,0,0.984,1336,0.400,20.000,20.395,20.000,0.0,1.0011,20.000,0.0019,1.0000,0,10.000,2,0.00221,0.20000,0.78330,0.75384,1.00000,0.00074,0.00000,0.00000,0.00501,0.20395,0.20000
1.955,0,1.003,1339,0.400,21.000,20.471,20.000,0.0,0.9080,20.000,0.0000,1.0000,0,10.000,2,-0.01694,0.21000,0.78144,0.76471,1.00000,0.00075,0.05000,0.00000,0.00501,0.20471,0.20000
1.957,0,1.021,1369,0.400,20.000,20.412,20.000,0.0,1.0011,20.000,0.0010,1.0000,0,10.000,2,0.00375,0.20000,0.78185,0.76469,1.00000,0.00075,-0.04762,0.00000,0.00501,0.20412,0.20000
1.960,0,1.024,1402,0.400,21.000,20.485,20.000,0.0,0.9080,20.000,-0.0008,1.0000,0,10.000,2,0.02164,0.21000,0.78417,0.74634,1.00000,0.00073,0.05000,0.00000,0.00501,0.20485,0.20000
1.962,0,1.001,1404,0.400,20.000,20.425,20.000,0.0,1.0011,20.000,0.0042,0.9991,0,10.000,2,0.02484,0.20000,0.78683,0.73087,1.00000,0.00071,-0.04762,0.00000,0.00501,0.20425,0.20000
1.963,0,1.025,1440,0.400,21.000,20.497,20.000,0.0,0.9080,20.000,0.0046,0.9976,0,10.000,2,0.00143,0.21000,0.78699,0.72767,1.00000,0.00071,0.05000,0.00000,0.00501,0.20497,0.20000
1.966,0,0.995,1433,0.400,20.000,20.435,20.000,0.0,1.0011,20.000,0.0001,1.0000,0,10.000,2,0.02562,0.20000,0.78973,0.71199,1.00000,0.00069,-0.04762,0.00000,0.00501,0.20435,0.20000
1.968,0,1.024,1468,0.000,0.000,20.435,20.000,0.0,0.0000,20.000,0.0020,1.0000,0,10.000,2,-0.00555,0.00000,0.78913,0.00000,1.00000,0.00070,-1.00000,0.00000,0.00000,0.20435,0.20000
1.970,0,0.977,1433,0.400,21.000,20.505,20.000,0.0,0.9080,20.000,-0.0002,1.0000,0,10.000,2,0.02442,0.21000,0.79175,0.69678,1.00000,0.00068,0.05000,0.00000,0.00501,0.20505,0.20000
1.972,0,1.023,1467,0.400,20.000,20.442,20.000,0.0,1.0011,20.000,0.0007,1.0000,0,10.000,2,-0.02384,0.20000,0.78913,0.71627,1.00000,0.00070,-0.04762,0.00000,0.00501,0.20442,0.20000
1.974,0,1.025,1504,0.400,21.000,20.512,20.000,0.0,0.9080,20.000,0.0031,1.0000,0,10.000,2,0.02442,0.21000,0.79175,0.69703,1.00000,0.00068,0.05000,0.00000,0.00501,0.20512,0.20000
1.976,0,0.993,1494,0.400,20.000,20.448,20.000,0.0,1.0011,20.000,0.0024,1.0000,0,10.000,2,0.02520,0.20000,0.79445,0.68222,1.00000,0.00066,-0.04762,0.00000,0.00501,0.20448,0.20000
1.978,0,1.008,1506,0.400,20.000,20.392,20.000,0.0,1.0011,20.000,0.0010,1.0000,0,10.000,2,-0.00731,0.20000,0.79365,0.68510,1.00000,0.00067,0.00000,0.00000,0.00501,0.20392,0.20000
1.981,0,0.995,1498,0.400,21.000,20.468,20.000,0.0,0.9080,20.000,0.0009,1.0000,0,10.000,2,0.00803,0.21000,0.79452,0.67778,1.00000,0.00066,0.05000,0.00000,0.00501,0.20468,0.20000
1.983,0,0.993,1486,0.400,20.000,20.409,20.000,0.0,1.0011,20.000,0.0004,1.0000,0,10.000,2,-0.00598,0.20000,0.79387,0.68439,1.00000,0.00067,-0.04762,0.00000,0.00501,0.20409,0.20000
1.985,0,1.024,1522,0.400,21.000,20.483,20.000,0.0,0.9080,20.000,0.0031,1.0000,0,10.000,2,-0.00735,0.21000,0.79307,0.68749,1.00000,0.00067,0.05000,0.00000,0.00501,0.20483,0.20000
1.987,0,1.016,1548,0.400,20.000,20.423,20.000,0.0,1.0011,20.000,0.0025,1.0000,0,10.000,2,0.02423,0.20000,0.79567,0.67366,1.00000,0.00066,-0.04762,0.00000,0.00501,0.20423,0.20000
1.989,0,0.982,1520,0.400,21.000,20.495,20.000,0.0,0.9080,20.000,0.0011,1.0000,0,10.000,2,0.01708,0.21000,0.79750,0.66039,1.00000,0.00065,0.05000,0.00000,0.00501,0.20495,0.20000
1.991,0,1.022,1554,0.400,20.000,20.433,20.000,0.0,1.0011,20.000,0.0045,0.9997,0,10.000,2,-0.01809,0.20000,0.79552,0.67493,1.00000,0.00066,-0.04762,0.00000,0.00501,0.20433,0.20000
1.993,0,1.019,1583,0.400,21.000,20.504,20.000,0.0,0.9080,20.000,0.0007,1.0000,0,10.000,2,0.02237,0.21000,0.79792,0.65817,1.00000,0.00064,0.05000,0.00000,0.00501,0.20504,0.20000
1.995,0,0.987,1562,0.400,20.000,20.441,20.000,0.0,1.0011,20.000,0.0013,0.9977,0,10.000,2,0.01866,0.20000,0.79993,0.64835,1.00000,0.00063,-0.04762,0.00000,0.00501,0.20441,0.20000
1.997,0,0.987,1540,0.400,21.000,20.511,20.000,0.0,0.9080,20.000,0.0039,0.9980,0,10.000,2,-0.01327,0.21000,0.79848,0.65505,1.00000,0.00064,0.05000,0.00000,0.00501,0.20511,0.20000
1.999,0,0.982,1510,0.400,20.000,20.447,20.000,0.0,1.0011,20.000,0.0019,1.0000,0,10.000,2,-0.01472,0.20000,0.79687,0.66712,1.00000,0.00065,-0.04762,0.00000,0.00501,0.20447,0.20000
2.001,0,0.981,1481,0.400,20.000,20.391,20.000,0.0,1.0011,20.000,0.0018,1.0000,0,10.000,2,-0.01884,0.20000,0.79481,0.67781,1.00000,0.00066,0.00000,0.00000,0.00501,0.20391,0.20000
2.003,0,0.987,1461,0.400,21.000,20.467,20.000,0.0,0.9080,20.000,0.0022,1.0000,0,10.000,2,-0.01987,0.21000,0.79263,0.68966,1.00000,0.00068,0.05000,0.00000,0.00501,0.20467,0.20000
2.008,0,1.024,1496,0.400,20.000,20.409,20.000,0.0,1.0011,20.000,0.0035,1.0000,0,10.000,2,-0.01351,0.20000,0.79115,0.70172,1.00000,0.00068,-0.04762,0.00000,0.00501,0.20409,0.20000
2.010,0,1.000,1497,0.400,21.000,20.483,20.000,0.0,0.9080,20.000,0.0037,1.0000,0,10.000,2,0.02466,0.21000,0.79380,0.68288,1.00000,0.00067,0.05000,0.00000,0.00501,0.20483,0.20000
2.012,0,1.023,1532,0.400,20.000,20.422,20.000,0.0,1.0011,20.000,0.0016,1.0000,0,10.000,2,0.00067,0.20000,0.79387,0.68489,1.00000,0.00067,-0.04762,0.00000,0.00501,0.20422,0.20000
2.017,0,1.023,1568,0.400,21.000,20.495,20.000,0.0,0.9080,20.000,0.0062,0.9983,0,10.000,2,0.02338,0.21000,0.79638,0.66727,1.00000,0.00065,0.05000,0.00000,0.00501,0.20495,0.20000
2.019,0,1.018,1597,0.400,20.000,20.433,20.000,0.0,1.0011,20.000,0.0015,1.0000,0,10.000,2,0.02415,0.20000,0.79897,0.65384,1.00000,0.00064,-0.04762,0.00000,0.00501,0.20433,0.20000
2.021,0,1.006,1608,0.400,21.000,20.504,20.000,0.0,0.9080,20.000,0.0038,0.9996,0,10.000,2,0.01848,0.21000,0.80095,0.64004,1.00000,0.00063,0.05000,0.00000,0.00501,0.20504,0.20000
2.024,0,1.000,1608,0.400,20.000,20.441,20.000,0.0,1.0011,20.000,0.0020,1.0000,0,10.000,2,0.00688,0.20000,0.80170,0.63787,1.00000,0.00062,-0.04762,0.00000,0.00501,0.20441,0.20000
2.026,0,0.981,1576,0.400,21.000,20.511,20.000,0.0,0.9080,20.000,0.0029,1.0000,0,10.000,2,-0.00124,0.21000,0.80156,0.63670,1.00000,0.00062,0.05000,0.00000,0.00501,0.20511,0.20000
2.030,0,1.006,1585,0.400,20.000,20.447,20.000,0.0,1.0011,20.000,0.0039,0.9979,0,10.000,2,-0.01991,0.20000,0.79938,0.65186,1.00000,0.00063,-0.04762,0.00000,0.00501,0.20447,0.20000
2.032,0,0.980,1554,0.400,20.000,20.391,20.000,0.0,1.0011,20.000,0.0042,0.9987,0,10.000,2,0.00698,0.20000,0.80014,0.64532,1.00000,0.00063,0.00000,0.00000,0.00501,0.20391,0.20000
2.034,0,1.007,1565,0.400,21.000,20.467,20.000,0.0,0.9080,20.000,0.0003,1.0000,0,10.000,2,-0.02018,0.21000,0.79792,0.65681,1.00000,0.00064,0.05000,0.00000,0.00501,0.20467,0.20000
2.036,0,0.987,1544,0.400,20.000,20.409,20.000,0.0,1.0011,20.000,0.0005,1.0000,0,10.000,2,0.00708,0.20000,0.79869,0.65463,1.00000,0.00064,-0.04762,0.00000,0.00501,0.20409,0.20000
2.038,0,1.003,1549,0.400,21.000,20.483,20.000,0.0,0.9080,20.000,0.0029,1.0000,0,10.000,2,-0.01406,0.21000,0.79715,0.66207,1.00000,0.00065,0.05000,0.00000,0.00501,0.20483,0.20000
2.040,0,0.980,1518,0.400,20.000,20.422,20.000,0.0,1.0011,20.000,0.0008,1.0000,0,10.000,2,0.00389,0.20000,0.79757,0.66190,1.00000,0.00065,-0.04762,0.00000,0.00501,0.20422,0.20000
2.042,0,0.996,1511,0.400,21.000,20.494,20.000,0.0,0.9080,20.000,0.0036,0.9994,0,10.000,2,-0.02066,0.21000,0.79531,0.67387,1.00000,0.00066,0.05000,0.00000,0.00501,0.20494,0.20000
2.044,0,0.977,1476,0.400,20.000,20.433,20.000,0.0,1.0011,20.000,0.0030,1.0000,0,10.000,2,-0.00396,0.20000,0.79488,0.67894,1.00000,0.00066,-0.04762,0.00000,0.00501,0.20433,0.20000
2.046,0,0.992,1463,0.400,21.000,20.504,20.000,0.0,0.9080,20.000,0.0047,0.9983,0,10.000,2,-0.02383,0.21000,0.79226,0.69341,1.00000,0.00068,0.05000,0.00000,0.00501,0.20504,0.20000
2.048,0,1.020,1491,0.400,20.000,20.441,20.000,0.0,1.0011,20.000,-0.0004,1.0000,0,10.000,2,-0.00881,0.20000,0.79130,0.70200,1.00000,0.00068,-0.04762,0.00000,0.00501,0.20441,0.20000
2.050,0,0.989,1475,0.400,21.000,20.511,20.000,0.0,0.9080,20.000,0.0017,1.0000,0,10.000,2,0.02052,0.21000,0.79351,0.68578,1.00000,0.00067,0.05000,0.00000,0.00501,0.20511,0.20000
2.052,0,1.010,1489,0.400,20.000,20.447,20.000,0.0,1.0011,20.000,0.0007,1.0000,0,10.000,2,-0.01206,0.20000,0.79219,0.69652,1.00000,0.00068,-0.04762,0.00000,0.00501,0.20447,0.20000
2.054,0,1.010,1505,0.400,21.000,20.516,20.000,0.0,0.9080,20.000,0.0017,1.0000,0,10.000,2,0.01018,0.21000,0.79329,0.68736,1.00000,0.00067,0.05000,0.00000,0.00501,0.20516,0.20000
2.056,0,0.976,1469,0.400,20.000,20.451,20.000,0.0,1.0011,20.000,-0.0002,1.0000,0,10.000,2,0.01075,0.20000,0.79445,0.68235,1.00000,0.00066,-0.04762,0.00000,0.00501,0.20451,0.20000
2.058,0,0.980,1438,0.400,20.000,20.395,20.000,0.0,1.0011,20.000,0.0015,1.0000,0,10.000,2,-0.02458,0.20000,0.79175,0.69735,1.00000,0.00068,0.00000,0.00000,0.00501,0.20395,0.20000
2.060,0,0.981,1410,0.400,21.000,20.471,20.000,0.0,0.9080,20.000,0.0038,1.0000,0,10.000,2,-0.02044,0.21000,0.78951,0.70994,1.00000,0.00070,0.05000,0.00000,0.00501,0.20471,0.20000
2.062,0,0.979,1379,0.400,20.000,20.412,20.000,0.0,21.0011,20.000,0.0025,1.0000,0,10.000,2,-0.02017,0.20000,0.78730,0.72724,1.00000,0.00071,-0.04762,0.00000,0.00501,0.20412,0.20000
2.065,0,0.976,1345,0.400,21.000,20.485,20.000,0.0,0.9080,20.000,0.0040,0.9996,0,10.000,2,-0.02200,0.21000,0.78488,0.74146,1.00000,0.00073,0.05000,0.00000,0.00501,0.20485,0.20000
2.066,0,1.023,1375,0.400,20.000,20.425,20.000,0.0,1.0011,20.000,0.0040,1.0000,0,10.000,2,-0.02467,0.20000,0.78217,0.76296,1.00000,0.00074,-0.04762,0.00000,0.00501,0.20425,0.20000
2.068,0,0.999,1374,0.000,0.000,20.425,20.000,0.0,0.0000,20.000,0.0013,1.0000,0,10.000,2,0.02307,0.00000,0.78465,0.00000,1.00000,0.00073,-1.00000,0.00000,0.00000,0.20425,0.20000
2.070,0,0.986,1354,0.400,21.000,20.497,20.000,0.0,0.9080,20.000,0.0044,0.9984,0,10.000,2,-0.00145,0.21000,0.78449,0.74463,1.00000,0.00073,0.05000,0.00000,0.00501,0.20497,0.20000
2.072,0,1.006,1362,0.400,20.000,20.434,20.000,0.0,1.0011,20.000,0.0000,1.0000,0,10.000,2,-0.01457,0.20000,0.78290,0.75830,1.00000,0.00074,-0.04762,0.00000,0.00501,0.20434,0.20000
2.074,0,1.001,1365,0.400,21.000,20.505,20.000,0.0,0.9080,20.000,0.0013,1.0000,0,10.000,2,0.00739,0.21000,0.78370,0.75045,1.00000,0.00073,0.05000,0.00000,0.00501,0.20505,0.20000
2.076,0,0.989,1349,0.400,20.000,20.442,20.000,0.0,1.0011,20.000,0.0031,1.0000,0,10.000,2,0.00147,0.20000,0.78385,0.75195,1.00000,0.00073,-0.04762,0.00000,0.00501,0.20442,0.20000
2.078,0,1.018,1374,0.400,21.000,20.512,20.000,0.0,0.9080,20.000,0.0033,1.0000,0,10.000,2,-0.01172,0.21000,0.78257,0.75852,1.00000,0.00074,0.05000,0.00000,0.00501,0.20512,0.20000
2.080,0,1.010,1389,0.400,20.000,20.448,20.000,0.0,1.0011,20.000,0.0017,1.0000,0,10.000,2,0.01927,0.20000,0.78465,0.74672,1.00000,0.00073,-0.04762,0.00000,0.00501,0.20448,0.20000
2.082,0,0.980,1361,0.400,20.000,20.392,20.000,0.0,1.0011,20.000,0.0000,1.0000,0,10.000,2,0.01018,0.20000,0.78575,0.73689,1.00000,0.00072,0.00000,0.00000,0.00501,0.20392,0.20000
2.083,0,1.019,1387,0.400,21.000,20.468,20.000,0.0,0.9080,20.000,0.0015,1.0000,0,10.000,2,-0.02016,0.21000,0.78354,0.74999,1.00000,0.00073,0.05000,0.00000,0.00501,0.20468,0.20000
2.085,0,1.010,1401,0.400,20.000,20.409,20.000,0.0,1.0011,20.000,0.0035,1.0000,0,10.000,2,0.01910,0.20000,0.78559,0.73867,1.00000,0.00072,-0.04762,0.00000,0.00501,0.20409,0.20000
2.086,0,1.004,1407,0.400,21.000,20.483,20.000,0.0,0.9080,20.000,0.0044,0.9994,0,10.000,2,0.01081,0.21000,0.78676,0.72868,1.00000,0.00071,0.05000,0.00000,0.00501,0.20483,0.20000
2.088,0,1.015,1429,0.400,20.000,20.423,20.000,0.0,1.0011,20.000,0.0048,0.9982,0,10.000,2,0.00357,0.20000,0.78714,0.72872,1.00000,0.00071,-0.04762,0.00000,0.00501,0.20423,0.20000
2.090,0,1.008,1442,0.400,21.000,20.495,20.000,0.0,0.9080,20.000,0.0018,1.0000,0,10.000,2,0.01635,0.21000,0.78890,0.71488,1.00000,0.00070,0.05000,0.00000,0.00501,0.20495,0.20000
2.092,0,1.023,1476,0.400,20.000,20.433,20.000,0.0,1.0011,20.000,-0.0006,1.0000,0,10.000,2,0.00839,0.20000,0.78981,0.71144,1.00000,0.00069,-0.04762,0.00000,0.00501,0.20433,0.20000
2.094,0,0.999,1476,0.400,21.000,20.504,20.000,0.0,0.9080,20.000,-0.0008,1.0000,0,10.000,2,0.02427,0.21000,0.79241,0.69248,1.00000,0.00068,0.05000,0.00000,0.00501,0.20504,0.20000
2.097,0,0.989,1459,0.400,20.000,20.441,20.000,0.0,1.0011,20.000,0.0021,1.0000,0,10.000,2,-0.00068,0.20000,0.79234,0.69536,1.00000,0.00068,-0.04762,0.00000,0.00501,0.20441,0.20000
2.099,0,1.010,1473,0.400,21.000,20.511,20.000,0.0,0.9080,20.000,0.0005,1.0000,0,10.000,2,-0.01152,0.21000,0.79108,0.70130,1.00000,0.00069,0.05000,0.00000,0.00501,0.20511,0.20000
2.101,0,1.019,1502,0.400,20.000,20.447,20.000,0.0,1.0011,20.000,0.0012,0.9998,0,10.000,2,0.00960,0.20000,0.79212,0.69701,1.00000,0.00068,-0.04762,0.00000,0.00501,0.20447,0.20000
2.103,0,1.019,1531,0.400,20.000,20.391,20.000,0.0,1.0011,20.000,0.0028,0.9994,0,10.000,2,0.02037,0.20000,0.79430,0.68097,1.00000,0.00067,0.00000,0.00000,0.00501,0.20391,0.20000
2.105,0,1.007,1542,0.400,21.000,20.467,20.000,0.0,0.9080,20.000,0.0018,1.0000,0,10.000,2,0.01929,0.21000,0.79638,0.66625,1.00000,0.00065,0.05000,0.00000,0.00501,0.20467,0.20000
2.107,0,1.003,1547,0.400,20.000,20.409,20.000,0.0,1.0011,20.000,0.0029,1.0000,0,10.000,2,0.00653,0.20000,0.79708,0.66440,1.00000,0.00065,-0.04762,0.00000,0.00501,0.20409,0.20000
2.109,0,0.986,1527,0.400,21.000,20.483,20.000,0.0,0.9080,20.000,-0.0001,1.0000,0,10.000,2,0.00389,0.21000,0.79750,0.65994,1.00000,0.00065,0.05000,0.00000,0.00501,0.20483,0.20000
2.111,0,1.022,1560,0.400,20.000,20.422,20.000,0.0,1.0011,20.000,0.0018,1.0000,0,10.000,2,-0.01421,0.20000,0.79595,0.67188,1.00000,0.00066,-0.04762,0.00000,0.00501,0.20422,0.20000
2.113,0,1.005,1569,0.400,21.000,20.495,20.000,0.0,0.9080,20.000,0.0014,1.0000,0,10.000,2,0.02294,0.21000,0.79841,0.65488,1.00000,0.00064,0.05000,0.00000,0.00501,0.20495,0.20000
2.115,0,0.983,1541,0.400,20.000,20.433,20.000,0.0,1.0011,20.000,0.0010,1.0000,0,10.000,2,0.00512,0.20000,0.79897,0.65384,1.00000,0.00064,-0.04762,0.00000,0.00501,0.20433,0.20000
2.116,0,1.021,1573,0.400,21.000,20.504,20.000,0.0,0.9080,20.000,0.0037,0.9999,0,10.000,2,-0.01848,0.21000,0.79694,0.66414,1.00000,0.00065,0.05000,0.00000,0.00501,0.20504,0.20000
2.118,0,0.989,1556,0.400,20.000,20.441,20.000,0.0,1.0011,20.000,0.0019,1.0000,0,10.000,2,0.02208,0.20000,0.79931,0.65205,1.00000,0.00064,-0.04762,0.00000,0.00501,0.20441,0.20000
2.120,0,0.986,1534,0.400,21.000,20.511,20.000,0.0,0.9080,20.000,0.0015,1.0000,0,10.000,2,-0.01144,0.21000,0.79806,0.65757,1.00000,0.00064,0.05000,0.00000,0.00501,0.20511,0.20000
2.122,0,0.976,1495,0.400,20.000,20.447,20.000,0.0,1.0011,20.000,0.0023,1.0000,0,10.000,2,-0.01478,0.20000,0.79645,0.66972,1.00000,0.00065,-0.04762,0.00000,0.00501,0.20447,0.20000
2.124,0,0.994,1485,0.400,21.000,20.516,20.000,0.0,0.9080,20.000,0.0030,1.0000,0,10.000,2,-0.02479,0.21000,0.79372,0.68461,1.00000,0.00067,0.05000,0.00000,0.00501,0.20516,0.20000
2.127,0,0.994,1475,0.400,20.000,20.451,20.000,0.0,1.0011,20.000,-0.0003,1.0000,0,10.000,2,-0.00736,0.20000,0.79292,0.69201,1.00000,0.00067,-0.04762,0.00000,0.00501,0.20451,0.20000
2.128,0,1.021,1505,0.400,20.000,20.395,20.000,0.0,1.0011,20.000,0.0016,1.0000,0,10.000,2,-0.00674,0.20000,0.79219,0.69452,1.00000,0.00068,0.00000,0.00000,0.00501,0.20395,0.20000
2.130,0,0.990,1490,0.400,21.000,20.471,20.000,0.0,0.9080,20.000,0.0048,0.9972,0,10.000,2,0.02171,0.21000,0.79452,0.67788,1.00000,0.00066,0.05000,0.00000,0.00501,0.20471,0.20000
2.132,0,0.976,1453,0.400,20.000,20.412,20.000,0.0,1.0011,20.000,0.0014,1.0000,0,10.000,2,-0.01129,0.20000,0.79329,0.68817,1.00000,0.00067,-0.04762,0.00000,0.00501,0.20412,0.20000
2.133,0,1.013,1473,0.400,21.000,20.485,20.000,0.0,0.9080,20.000,0.0042,0.9975,0,10.000,2,-0.02418,0.21000,0.79063,0.70319,1.00000,0.00069,0.05000,0.00000,0.00501,0.20485,0.20000
2.135,0,1.012,1491,0.400,20.000,20.425,20.000,0.0,1.0011,20.000,0.0012,1.0000,0,10.000,2,0.01376,0.20000,0.79212,0.69614,1.00000,0.00068,-0.04762,0.00000,0.00501,0.20425,0.20000
2.137,0,0.995,1484,0.400,21.000,20.497,20.000,0.0,0.9080,20.000,-0.0004,1.0000,0,10.000,2,0.01290,0.21000,0.79351,0.68524,1.00000,0.00067,0.05000,0.00000,0.00501,0.20497,0.20000
2.139,0,1.023,1519,0.400,20.000,20.435,20.000,0.0,1.0011,20.000,0.0018,1.0000,0,10.000,2,-0.00536,0.20000,0.79292,0.69136,1.00000,0.00067,-0.04762,0.00000,0.00501,0.20435,0.20000
2.141,0,1.016,1543,0.400,21.000,20.505,20.000,0.0,0.9080,20.000,0.0016,1.0000,0,10.000,2,0.02358,0.21000,0.79545,0.67338,1.00000,0.00066,0.05000,0.00000,0.00501,0.20505,0.20000
2.143,0,1.009,1558,0.400,20.000,20.442,20.000,0.0,1.0011,20.000,0.0002,1.0000,0,10.000,2,0.01580,0.20000,0.79715,0.66520,1.00000,0.00065,-0.04762,0.00000,0.00501,0.20442,0.20000
2.145,0,1.020,1590,0.400,21.000,20.512,20.000,0.0,0.9080,20.000,0.0013,1.0000,0,10.000,2,0.01037,0.21000,0.79827,0.65635,1.00000,0.00064,0.05000,0.00000,0.00501,0.20512,0.20000
2.147,0,0.990,1574,0.400,20.000,20.448,20.000,0.0,1.0011,20.000,0.0029,1.0000,0,10.000,2,0.02053,0.20000,0.80048,0.64534,1.00000,0.00063,-0.04762,0.00000,0.00501,0.20448,0.20000
2.150,0,1.024,1611,0.400,20.000,20.392,20.000,0.0,1.0011,20.000,0.0021,1.0000,0,10.000,2,-0.01131,0.20000,0.79924,0.65069,1.00000,0.00064,0.00000,0.00000,0.00501,0.20392,0.20000
2.152,0,0.976,1573,0.400,21.000,20.468,20.000,0.0,0.9080,20.000,-0.0003,1.0000,0,10.000,2,0.02479,0.21000,0.80190,0.63321,1.00000,0.00062,0.05000,0.00000,0.00501,0.20468,0.20000
2.154,0,0.995,1564,0.400,20.000,20.409,20.000,0.0,1.0011,20.000,0.0045,0.9972,0,10.000,2,-0.02419,0.20000,0.79924,0.65133,1.00000,0.00064,-0.04762,0.00000,0.00501,0.20409,0.20000
2.156,0,1.009,1579,0.000,0.000,20.409,20.000,0.0,0.0000,20.000,0.0035,0.9983,0,10.000,2,-0.00572,0.00000,0.79862,0.00000,1.00000,0.00064,-1.00000,0.00000,0.00000,0.20409,0.20000
2.158,0,1.014,1601,0.400,21.000,20.483,20.000,0.0,0.9080,20.000,0.0063,0.9976,0,10.000,2,0.00959,0.21000,0.79966,0.64700,1.00000,0.00063,0.05000,0.00000,0.00501,0.20483,0.20000
2.160,0,0.991,1586,0.400,20.000,20.423,20.000,0.0,1.0011,20.000,0.0003,1.0000,0,10.000,2,0.01393,0.20000,0.80116,0.64042,1.00000,0.00062,-0.04762,0.00000,0.00501,0.20423,0.20000
2.162,0,0.998,1583,0.400,21.000,20.495,20.000,0.0,0.9080,20.000,0.0001,1.0000,0,10.000,2,-0.00937,0.21000,0.80014,0.64457,1.00000,0.00063,0.05000,0.00000,0.00501,0.20495,0.20000
2.163,0,1.007,1594,0.400,20.000,20.433,20.000,0.0,1.0011,20.000,0.0050,0.9993,0,10.000,2,-0.00252,0.20000,0.79986,0.64848,1.00000,0.00063,-0.04762,0.00000,0.00501,0.20433,0.20000
2.167,0,0.989,1575,0.400,21.000,20.504,20.000,0.0,0.9080,20.000,0.0019,1.0000,0,10.000,2,0.00759,0.21000,0.80068,0.64166,1.00000,0.00063,0.05000,0.00000,0.00501,0.20504,0.20000
2.169,0,0.990,1558,0.400,20.000,20.441,20.000,0.0,1.0011,20.000,0.0033,0.9975,0,10.000,2,-0.01255,0.20000,0.79931,0.65206,1.00000,0.00064,-0.04762,0.00000,0.00501,0.20441,0.20000
2.170,0,1.023,1595,0.400,21.000,20.511,20.000,0.0,0.9080,20.000,0.0002,1.0000,0,10.000,2,-0.01017,0.21000,0.79820,0.65673,1.00000,0.00064,0.05000,0.00000,0.00501,0.20511,0.20000
2.172,0,1.020,1627,0.400,20.000,20.447,20.000,0.0,1.0011,20.000,0.0013,1.0000,0,10.000,2,0.02375,0.20000,0.80075,0.64369,1.00000,0.00063,-0.04762,0.00000,0.00501,0.20447,0.20000
2.174,0,1.007,1639,0.400,20.000,20.391,20.000,0.0,1.0011,20.000,0.0027,1.0000,0,10.000,2,0.02006,0.20000,0.80290,0.62907,1.00000,0.00061,0.00000,0.00000,0.00501,0.20391,0.20000
2.177,0,1.018,1669,0.400,21.000,20.467,20.000,0.0,0.9080,20.000,-0.0005,1.0000,0,10.000,2,0.00738,0.21000,0.80370,0.62276,1.00000,0.00061,0.05000,0.00000,0.00501,0.20467,0.20000
2.179,0,1.009,1685,0.400,20.000,20.409,20.000,0.0,1.0011,20.000,0.0020,1.0000,0,10.000,2,0.01891,0.20000,0.80574,0.61348,1.00000,0.00060,-0.04762,0.00000,0.00501,0.20409,0.20000
2.181,0,0.982,1655,0.400,21.000,20.483,20.000,0.0,0.9080,20.000,0.0027,1.0000,0,10.000,2,0.00958,0.21000,0.80677,0.60592,1.00000,0.00059,0.05000,0.00000,0.00501,0.20483,0.20000
2.183,0,1.001,1657,0.400,20.000,20.422,20.000,0.0,1.0011,20.000,0.0033,1.0000,0,10.000,2,-0.01839,0.20000,0.80476,0.61951,1.00000,0.00060,-0.04762,0.00000,0.00501,0.20422,0.20000
2.185,0,1.000,1658,0.400,21.000,20.495,20.000,0.0,0.9080,20.000,0.0045,0.9999,0,10.000,2,0.00121,0.21000,0.80489,0.61694,1.00000,0.00060,0.05000,0.00000,0.00501,0.20495,0.20000
2.187,0,0.998,1654,0.400,20.000,20.433,20.000,0.0,1.0011,20.000,0.0002,1.0000,0,10.000,2,0.00060,0.20000,0.80495,0.61874,1.00000,0.00060,-0.04762,0.00000,0.00501,0.20433,0.20000
2.189,0,1.000,1655,0.400,21.000,20.504,20.000,0.0,0.9080,20.000,0.0024,1.0000,0,10.000,2,-0.00241,0.21000,0.80469,0.61837,1.00000,0.00060,0.05000,0.00000,0.00501,0.20504,0.20000
2.191,0,0.985,1630,0.400,20.000,20.441,20.000,0.0,1.0011,20.000,-0.0004,1.0000,0,10.000,2,0.00060,0.20000,0.80476,0.62014,1.00000,0.00060,-0.04762,0.00000,0.00501,0.20441,0.20000
2.193,0,0.985,1605,0.400,21.000,20.511,20.000,0.0,0.9080,20.000,0.0032,1.0000,0,10.000,2,-0.01571,0.21000,0.80304,0.62810,1.00000,0.00061,0.05000,0.00000,0.00501,0.20511,0.20000
2.196,0,1.010,1622,0.400,20.000,20.447,20.000,0.0,1.0011,20.000,0.0004,1.0000,0,10.000,2,-0.01473,0.20000,0.80143,0.63968,1.00000,0.00062,-0.04762,0.00000,0.00501,0.20447,0.20000
2.198,0,1.013,1645,0.400,20.000,20.391,20.000,0.0,1.0011,20.000,0.0033,0.9983,0,10.000,2,0.01121,0.20000,0.80264,0.63061,1.00000,0.00062,0.00000,0.00000,0.00501,0.20391,0.20000
2.200,0,1.023,1684,0.400,21.000,20.467,20.000,0.0,0.9080,20.000,0.0018,1.0000,0,10.000,2,0.01417,0.21000,0.80416,0.62010,1.00000,0.00061,0.05000,0.00000,0.00501,0.20467,0.20000
2.202,0,0.982,1653,0.400,20.000,20.409,20.000,0.0,1.0011,20.000,-0.0008,1.0000,0,10.000,2,0.02309,0.20000,0.80664,0.60837,1.00000,0.00059,-0.04762,0.00000,0.00501,0.20409,0.20000
2.204,0,0.992,1639,0.400,21.000,20.483,20.000,0.0,0.9080,20.000,0.0031,1.0000,0,10.000,2,-0.01841,0.21000,0.80463,0.61801,1.00000,0.00060,0.05000,0.00000,0.00501,0.20483,0.20000
2.205,0,1.016,1665,0.400,20.000,20.422,20.000,0.0,1.0011,20.000,0.0026,1.0000,0,10.000,2,-0.00907,0.20000,0.80364,0.62593,1.00000,0.00061,-0.04762,0.00000,0.00501,0.20422,0.20000
2.207,0,0.984,1638,0.400,21.000,20.494,20.000,0.0,0.9080,20.000,0.0008,1.0000,0,10.000,2,0.01709,0.21000,0.80548,0.61360,1.00000,0.00060,0.05000,0.00000,0.00501,0.20494,0.20000
2.209,0,0.996,1630,0.400,20.000,20.433,20.000,0.0,1.0011,20.000,0.0021,1.0000,0,10.000,2,-0.01741,0.20000,0.80357,0.62668,1.00000,0.00061,-0.04762,0.00000,0.00501,0.20433,0.20000
2.211,0,1.023,1669,0.400,21.000,20.504,20.000,0.0,0.9080,20.000,-0.0010,1.0000,0,10.000,2,-0.00428,0.21000,0.80310,0.62747,1.00000,0.00061,0.05000,0.00000,0.00501,0.20504,0.20000
2.213,0,1.003,1674,0.400,20.000,20.441,20.000,0.0,1.0011,20.000,0.0015,1.0000,0,10.000,2,0.02393,0.20000,0.80567,0.61494,1.00000,0.00060,-0.04762,0.00000,0.00501,0.20441,0.20000
2.215,0,0.994,1664,0.400,21.000,20.511,20.000,0.0,0.9080,20.000,0.0005,1.0000,0,10.000,2,0.00300,0.21000,0.80599,0.61122,1.00000,0.00060,0.05000,0.00000,0.00501,0.20511,0.20000
2.217,0,1.015,1690,0.400,20.000,20.447,20.000,0.0,1.0011,20.000,0.0012,1.0000,0,10.000,2,-0.00597,0.20000,0.80534,0.61699,1.00000,0.00060,-0.04762,0.00000,0.00501,0.20447,0.20000
2.219,0,1.015,1716,0.400,21.000,20.516,20.000,0.0,0.9080,20.000,0.0043,0.9990,0,10.000,2,0.01562,0.21000,0.80703,0.60561,1.00000,0.00059,0.05000,0.00000,0.00501,0.20516,0.20000
2.221,0,1.020,1752,0.400,20.000,20.451,20.000,0.0,1.0011,20.000,-0.0004,1.0000,0,10.000,2,0.01598,0.20000,0.80875,0.59810,1.00000,0.00058,-0.04762,0.00000,0.00501,0.20451,0.20000
2.223,0,1.017,1782,0.400,20.000,20.395,20.000,0.0,1.0011,20.000,0.0020,1.0000,0,10.000,2,0.02038,0.20000,0.81094,0.58431,1.00000,0.00057,0.00000,0.00000,0.00501,0.20395,0.20000
2.226,0,0.994,1772,0.400,21.000,20.471,20.000,0.0,0.9080,20.000,0.0032,1.0000,0,10.000,2,0.01769,0.21000,0.81284,0.57257,1.00000,0.00056,0.05000,0.00000,0.00501,0.20471,0.20000
2.228,0,0.980,1735,0.400,20.000,20.412,20.000,0.0,1.0011,20.000,0.0034,1.0000,0,10.000,2,-0.00673,0.20000,0.81211,0.57859,1.00000,0.00056,-0.04762,0.00000,0.00501,0.20412,0.20000
2.230,0,1.004,1742,0.400,21.000,20.485,20.000,0.0,0.9080,20.000,0.0021,1.0000,0,10.000,2,-0.02089,0.21000,0.80982,0.58923,1.00000,0.00058,0.05000,0.00000,0.00501,0.20485,0.20000
2.231,0,0.992,1727,0.400,20.000,20.425,20.000,0.0,1.0011,20.000,0.0064,0.9974,0,10.000,2,0.00461,0.20000,0.81032,0.58864,1.00000,0.00057,-0.04762,0.00000,0.00501,0.20425,0.20000
2.233,0,1.015,1752,0.400,21.000,20.497,20.000,0.0,0.9080,20.000,0.0023,1.0000,0,10.000,2,-0.00918,0.21000,0.80931,0.59234,1.00000,0.00058,0.05000,0.00000,0.00501,0.20497,0.20000
2.235,0,0.983,1723,0.400,20.000,20.434,20.000,0.0,1.0011,20.000,0.0007,1.0000,0,10.000,2,0.01564,0.20000,0.81100,0.58527,1.00000,0.00057,-0.04762,0.00000,0.00501,0.20434,0.20000
2.237,0,0.999,1720,0.400,21.000,20.505,20.000,0.0,0.9080,20.000,0.0041,0.9978,0,10.000,2,-0.01711,0.21000,0.80913,0.59366,1.00000,0.00058,0.05000,0.00000,0.00501,0.20505,0.20000
2.239,0,1.007,1732,0.400,20.000,20.442,20.000,0.0,1.0011,20.000,0.0006,1.0000,0,10.000,2,-0.00232,0.20000,0.80887,0.59710,1.00000,0.00058,-0.04762,0.00000,0.00501,0.20442,0.20000
2.241,0,1.022,1771,0.400,21.000,20.512,20.000,0.0,0.9080,20.000,-0.0004,1.0000,0,10.000,2,0.00756,0.21000,0.80969,0.59079,1.00000,0.00058,0.05000,0.00000,0.00501,0.20512,0.20000
2.243,0,0.977,1730,0.400,20.000,20.448,20.000,0.0,1.0011,20.000,0.0016,1.0000,0,10.000,2,0.02252,0.20000,0.81211,0.57975,1.00000,0.00056,-0.04762,0.00000,0.00501,0.20448,0.20000
2.245,0,0.980,1693,0.400,20.000,20.392,20.000,0.0,1.0011,20.000,0.0040,0.9978,0,10.000,2,-0.02372,0.20000,0.80950,0.59198,1.00000,0.00058,0.00000,0.00000,0.00501,0.20392,0.20000
2.247,0,1.013,1714,0.000,0.000,20.392,20.000,0.0,0.0000,20.000,0.0009,1.0000,0,10.000,2,-0.02140,0.00000,0.80716,0.00000,1.00000,0.00059,-1.00000,0.00000,0.00000,0.20392,0.20000
2.249,0,0.994,1704,0.400,21.000,20.468,20.000,0.0,0.9080,20.000,0.0009,1.0000,0,10.000,2,0.01359,0.21000,0.80862,0.59518,1.00000,0.00058,0.05000,0.00000,0.00501,0.20468,0.20000
2.251,0,0.998,1699,0.400,20.000,20.409,20.000,0.0,1.0011,20.000,0.0001,1.0000,0,10.000,2,-0.00700,0.20000,0.80786,0.60161,1.00000,0.00059,-0.04762,0.00000,0.00501,0.20409,0.20000
2.253,0,1.015,1724,0.400,21.000,20.483,20.000,0.0,0.9080,20.000,-0.0010,1.0000,0,10.000,2,-0.00294,0.21000,0.80754,0.60166,1.00000,0.00059,0.05000,0.00000,0.00501,0.20483,0.20000
2.255,0,1.006,1735,0.400,20.000,20.423,20.000,0.0,1.0011,20.000,0.0004,1.0000,0,10.000,2,0.01590,0.20000,0.80925,0.59438,1.00000,0.00058,-0.04762,0.00000,0.00501,0.20423,0.20000
2.257,0,1.024,1778,0.400,21.000,20.495,20.000,0.0,0.9080,20.000,0.0035,1.0000,0,10.000,2,0.00638,0.21000,0.80994,0.58887,1.00000,0.00058,0.05000,0.00000,0.00501,0.20495,0.20000
