buffer_ahead_s,corrupted_frames,dropped_frames,duration_s,ended,epoch_ms,media_time_s,network_state,paused,perf_ms,playback_rate,ready_state,seeking,total_frames
0,0,0,,False,1784061366238.9001,0,0,True,3544.5999999046326,1,0,False,0
0,0,0,,False,1784061366488.9001,0,0,True,3794.5,1,0,False,0
0,0,0,,False,1784061366738.8,0,2,False,4044.5,1,0,False,0
0,0,0,,False,1784061366988.8,0,2,False,4294.5,1,0,False,0
0,0,0,8607.359999999766,False,1784061367238.8,0,2,False,4544.5,1,0,False,0
0,0,0,8607.359999999766,False,1784061367488.9001,0,2,False,4794.599999904633,1,0,False,0
0,0,0,8607.359999999766,False,1784061367738.8,0,2,False,5044.5,1,0,False,0
0,0,0,8607.359999999766,False,1784061367988.8,0,2,False,5294.5,1,0,False,0
0,0,0,8607.359999999766,False,1784061368238.9001,0,2,False,5544.599999904633,1,0,False,0
0,0,0,8607.359999999766,False,1784061368488.8,0,2,False,5794.5,1,0,False,0
0,0,0,8607.359999999766,False,1784061368738.8,0,2,False,6044.5,1,0,False,0
0,0,0,8607.359999999766,False,1784061368988.9001,0,2,False,6294.599999904633,1,0,False,0
0,0,0,8607.359999999766,False,1784061369238.8,0,2,False,6544.5,1,0,False,0
0,0,0,8607.359999999766,False,1784061369488.9001,0,2,False,6794.599999904633,1,0,False,0
0,0,0,8607.359999999766,False,1784061369738.8,0,2,False,7044.5,1,0,False,0
0,0,0,8607.359999999766,False,1784061369988.7,0,2,False,7294.400000095367,1,0,False,0
0,0,0,8607.359999999766,False,1784061370238.8,0,2,False,7544.5,1,0,False,0
0,0,0,8607.359999999766,False,1784061370488.8,0,2,False,7794.5,1,0,False,0
0,0,0,8607.359999999766,False,1784061370738.8,0,2,False,8044.5,1,0,False,0
0,0,0,8607.359999999766,False,1784061370988.8,0,2,False,8294.5,1,0,False,0
0,0,0,8607.359999999766,False,1784061371238.8,0,2,False,8544.5,1,0,False,0
0,0,0,8607.359999999766,False,1784061371488.9001,0,2,False,8794.599999904633,1,0,False,0
0,0,0,8607.359999999766,False,1784061371738.9001,0,2,False,9044.599999904633,1,0,False,0
0,0,0,8607.359999999766,False,1784061371988.8,0,2,False,9294.5,1,0,False,0
0,0,0,8607.359999999766,False,1784061372238.8,0,2,False,9544.5,1,0,False,0
0,0,0,8607.359999999766,False,1784061372488.8,0,2,False,9794.5,1,0,False,0
0,0,0,8607.359999999766,False,1784061372738.8,0,2,False,10044.5,1,0,False,0
0,0,0,8607.359999999766,False,1784061372988.8,0,2,False,10294.5,1,0,False,0
0,0,0,8607.359999999766,False,1784061373238.8,0,2,False,10544.5,1,0,False,0
2.989154,0,0,8607.359999999766,False,1784061373493.2,0.013845,2,False,10798.900000095367,1,4,False,4
2.772576,0,0,8607.359999999766,False,1784061373738.8,0.230423,2,False,11044.5,1,4,False,10
2.522573,0,0,8607.359999999766,False,1784061373988.8,0.480426,2,False,11294.5,1,4,False,16
2.272548,0,0,8607.359999999766,False,1784061374238.8,0.730451,2,False,11544.5,1,4,False,22
2.022579,0,0,8607.359999999766,False,1784061374488.9001,0.98042,2,False,11794.599999904633,1,4,False,28
1.772542,0,0,8607.359999999766,False,1784061374739,1.230457,2,False,12044.699999809265,1,4,False,34
1.522647,0,0,8607.359999999766,False,1784061374988.8,1.480352,2,False,12294.5,1,4,False,40
1.272668,0,0,8607.359999999766,False,1784061375238.8,1.730331,2,False,12544.5,1,4,False,46
1.02267,0,0,8607.359999999766,False,1784061375488.8,1.980329,2,False,12794.5,1,4,False,52
0.772669,0,0,8607.359999999766,False,1784061375738.8,2.23033,2,False,13044.5,1,4,False,58
0.5226549999999999,0,0,8607.359999999766,False,1784061375988.8,2.480344,2,False,13294.5,1,4,False,64
0.27268099999999995,0,0,8607.359999999766,False,1784061376238.8,2.730318,2,False,13544.5,1,4,False,70
0.08017999999999992,0,0,8607.359999999766,False,1784061376488.8,2.922819,2,False,13794.5,1,2,False,72
0.08017999999999992,0,0,8607.359999999766,False,1784061376738.8,2.922819,2,False,14044.5,1,2,False,72
0.08017999999999992,0,0,8607.359999999766,False,1784061376988.8,2.922819,2,False,14294.5,1,2,False,72
2.981088,0,0,8607.359999999766,False,1784061377238.8,3.024911,2,False,14544.5,1,4,False,77
2.736921,0,0,8607.359999999766,False,1784061377488.7,3.269078,2,False,14794.400000095367,1,4,False,82
2.486881,0,0,8607.359999999766,False,1784061377738.8,3.519118,2,False,15044.5,1,4,False,88
2.2368740000000003,0,0,8607.359999999766,False,1784061377988.9001,3.769125,2,False,15294.599999904633,1,4,False,94
1.9869269999999997,0,0,8607.359999999766,False,1784061378238.8,4.019072,2,False,15544.5,1,4,False,100
1.7368730000000001,0,0,8607.359999999766,False,1784061378488.8,4.269126,2,False,15794.5,1,4,False,106
1.4869000000000003,0,0,8607.359999999766,False,1784061378738.9001,4.519099,2,False,16044.599999904633,1,4,False,112
1.2368630000000005,0,0,8607.359999999766,False,1784061378988.9001,4.769136,2,False,16294.599999904633,1,4,False,118
0.9869209999999997,0,0,8607.359999999766,False,1784061379238.8,5.019078,2,False,16544.5,1,4,False,124
0.7363970000000002,0,0,8607.359999999766,False,1784061379489.3,5.269602,2,False,16795,1,4,False,130
0.4868889999999997,0,0,8607.359999999766,False,1784061379738.8,5.51911,2,False,17044.5,1,4,False,136
0.23694300000000013,0,0,8607.359999999766,False,1784061379988.8,5.769056,2,False,17294.5,1,4,False,142
0.07653100000000013,0,0,8607.359999999766,False,1784061380238.9001,5.929468,2,False,17544.599999904633,1,2,False,144
0.07653100000000013,0,0,8607.359999999766,False,1784061380488.8,5.929468,2,False,17794.5,1,2,False,144
0.07653100000000013,0,0,8607.359999999766,False,1784061380738.9001,5.929468,2,False,18044.599999904633,1,2,False,144
0.07653100000000013,0,0,8607.359999999766,False,1784061380988.8,5.929468,2,False,18294.5,1,2,False,144
0.07653100000000013,0,0,8607.359999999766,False,1784061381238.7,5.929468,2,False,18544.400000095367,1,2,False,144
3.0795309999999994,0,0,8607.359999999766,False,1784061381488.9001,5.929468,2,False,18794.5,1,2,False,144
2.873086999999999,0,0,8607.359999999766,False,1784061381738.8,6.135912,2,False,19044.5,1,4,False,152
2.6229939999999994,0,0,8607.359999999766,False,1784061381988.8,6.386005,2,False,19294.5,1,4,False,158
2.373009999999999,0,0,8607.359999999766,False,1784061382238.9001,6.635989,2,False,19544.599999904633,1,4,False,164
2.1229819999999995,0,0,8607.359999999766,False,1784061382488.8,6.886017,2,False,19794.5,1,4,False,170
1.8730469999999997,0,0,8607.359999999766,False,1784061382738.8,7.135952,2,False,20044.5,1,4,False,176
1.623003999999999,0,0,8607.359999999766,False,1784061382988.8,7.385995,2,False,20294.5,1,4,False,182
1.373041999999999,0,0,8607.359999999766,False,1784061383238.8,7.635957,2,False,20544.5,1,4,False,188
1.1229959999999997,0,0,8607.359999999766,False,1784061383488.8,7.886003,2,False,20794.5,1,4,False,194
0.8730229999999999,0,0,8607.359999999766,False,1784061383738.8,8.135976,2,False,21044.5,1,4,False,200
0.6230479999999989,0,0,8607.359999999766,False,1784061383988.8,8.385951,2,False,21294.5,1,4,False,206
0.3730279999999997,0,0,8607.359999999766,False,1784061384238.8,8.635971,2,False,21544.5,1,4,False,212
0.12301699999999904,0,0,8607.359999999766,False,1784061384488.8,8.885982,2,False,21794.5,1,4,False,216
0.07889999999999908,0,0,8607.359999999766,False,1784061384738.8,8.930099,2,False,22044.5,1,2,False,216
0.07889999999999908,0,0,8607.359999999766,False,1784061384988.8,8.930099,2,False,22294.5,1,2,False,216
0.07889999999999908,0,0,8607.359999999766,False,1784061385238.8,8.930099,2,False,22544.5,1,2,False,216
0.07889999999999908,0,0,8607.359999999766,False,1784061385488.9001,8.930099,2,False,22794.599999904633,1,2,False,216
2.974845,0,0,8607.359999999766,False,1784061385738.8,9.037154,2,False,23044.5,1,4,False,221
2.730575,0,0,8607.359999999766,False,1784061385988.8,9.281424,2,False,23294.5,1,4,False,227
2.4805159999999997,0,0,8607.359999999766,False,1784061386238.9001,9.531483,2,False,23544.5,1,4,False,233
2.230478999999999,0,0,8607.359999999766,False,1784061386488.9001,9.78152,2,False,23794.599999904633,1,4,False,239
1.9805189999999993,0,0,8607.359999999766,False,1784061386738.8,10.03148,2,False,24044.5,1,4,False,245
1.7305329999999994,0,0,8607.359999999766,False,1784061386988.8,10.281466,2,False,24294.5,1,4,False,251
1.480535999999999,0,0,8607.359999999766,False,1784061387238.8,10.531463,2,False,24544.5,1,4,False,257
1.2305079999999986,0,0,8607.359999999766,False,1784061387488.8,10.781491,2,False,24794.5,1,4,False,263
0.9805209999999995,0,0,8607.359999999766,False,1784061387738.9001,11.031478,2,False,25044.599999904633,1,4,False,269
0.7305320000000002,0,0,8607.359999999766,False,1784061387988.8,11.281467,2,False,25294.5,1,4,False,275
0.4805079999999986,0,0,8607.359999999766,False,1784061388238.8,11.531491,2,False,25544.5,1,4,False,281
0.23052899999999887,0,0,8607.359999999766,False,1784061388488.8,11.78147,2,False,25794.5,1,4,False,287
0.07132599999999911,0,0,8607.359999999766,False,1784061388738.8,11.940673,2,False,26044.5,1,2,False,288
0.07132599999999911,0,0,8607.359999999766,False,1784061388988.8,11.940673,2,False,26294.5,1,2,False,288
3.0743259999999992,0,0,8607.359999999766,False,1784061389238.8,11.940673,2,False,26544.5,1,2,False,289
3.0743259999999992,0,0,8607.359999999766,False,1784061389488.8,11.940673,2,False,26794.5,1,2,False,291
3.0743259999999992,0,0,8607.359999999766,False,1784061389738.8,11.940673,2,False,27044.5,1,2,False,291
3.0743259999999992,0,0,8607.359999999766,False,1784061389988.8,11.940673,2,False,27294.5,1,2,False,291
3.0743259999999992,0,0,8607.359999999766,False,1784061390238.8,11.940673,2,False,27544.5,1,2,False,291
3.0743259999999992,0,0,8607.359999999766,False,1784061390488.8,11.940673,2,False,27794.5,1,2,False,291
3.0743259999999992,0,0,8607.359999999766,False,1784061390738.8,11.940673,2,False,28044.5,1,2,False,291
3.0743259999999992,0,0,8607.359999999766,False,1784061390988.7,11.940673,2,False,28294.400000095367,1,2,False,291
3.0743259999999992,0,0,8607.359999999766,False,1784061391238.8,11.940673,2,False,28544.5,1,2,False,291
3.0743259999999992,0,0,8607.359999999766,False,1784061391488.8,11.940673,2,False,28794.5,1,2,False,291
3.0743259999999992,0,0,8607.359999999766,False,1784061391738.8,11.940673,2,False,29044.5,1,2,False,291
3.0743259999999992,0,0,8607.359999999766,False,1784061391988.8,11.940673,2,False,29294.5,1,2,False,291
3.0743259999999992,0,0,8607.359999999766,False,1784061392238.8,11.940673,2,False,29544.5,1,2,False,291
3.0743259999999992,0,0,8607.359999999766,False,1784061392488.8,11.940673,2,False,29794.5,1,2,False,291
3.0743259999999992,0,0,8607.359999999766,False,1784061392738.8,11.940673,2,False,30044.5,1,2,False,291
5.9869330000000005,0,0,8607.359999999766,False,1784061392988.9001,12.031066,2,False,30294.599999904633,1,4,False,291
5.807929,0,0,8607.359999999766,False,1784061393238.8,12.21007,2,False,30544.5,1,4,False,297
5.557962,0,0,8607.359999999766,False,1784061393488.8,12.460037,2,False,30794.5,1,4,False,303
5.3079529999999995,0,0,8607.359999999766,False,1784061393738.8,12.710046,2,False,31044.5,1,4,False,309
5.057986999999999,0,0,8607.359999999766,False,1784061393988.8,12.960012,2,False,31294.5,1,4,False,315
4.807979999999999,0,0,8607.359999999766,False,1784061394238.8,13.210019,2,False,31544.5,1,4,False,321
4.554138,0,0,8607.359999999766,False,1784061394492.7,13.463861,2,False,31798.400000095367,1,4,False,327
4.307967,0,0,8607.359999999766,False,1784061394738.8,13.710032,2,False,32044.5,1,4,False,333
4.057966,0,0,8607.359999999766,False,1784061394988.8,13.960033,2,False,32294.5,1,4,False,339
3.807926,0,0,8607.359999999766,False,1784061395238.9001,14.210073,2,False,32544.599999904633,1,4,False,345
3.5579959999999993,0,0,8607.359999999766,False,1784061395488.8,14.460003,2,False,32794.5,1,4,False,351
3.307941999999999,0,0,8607.359999999766,False,1784061395738.9001,14.710057,2,False,33044.59999990463,1,4,False,357
3.0579850000000004,0,0,8607.359999999766,False,1784061395988.8,14.960014,2,False,33294.5,1,4,False,363
2.8080479999999994,0,0,8607.359999999766,False,1784061396238.8,15.209951,2,False,33544.5,1,4,False,369
2.5580300000000005,0,0,8607.359999999766,False,1784061396488.8,15.459969,2,False,33794.5,1,4,False,375
2.308045,0,0,8607.359999999766,False,1784061396738.8,15.709954,2,False,34044.5,1,4,False,381
2.0581300000000002,0,0,8607.359999999766,False,1784061396988.8,15.959869,2,False,34294.5,1,4,False,387
1.8080619999999996,0,0,8607.359999999766,False,1784061397238.8,16.209937,2,False,34544.5,1,4,False,393
1.5553190000000008,0,0,8607.359999999766,False,1784061397491.5,16.46268,2,False,34797.199999809265,1,4,False,399
4.311088999999999,0,0,8607.359999999766,False,1784061397738.8,16.70991,2,False,35044.5,1,4,False,405
4.060991000000001,0,0,8607.359999999766,False,1784061397988.9001,16.960008,2,False,35294.59999990463,1,4,False,411
3.8110409999999995,0,0,8607.359999999766,False,1784061398238.8,17.209958,2,False,35544.5,1,4,False,417
3.5610019999999984,0,0,8607.359999999766,False,1784061398488.8,17.459997,2,False,35794.5,1,4,False,423
3.311039000000001,0,0,8607.359999999766,False,1784061398738.8,17.70996,2,False,36044.5,1,4,False,429
3.061032000000001,0,0,8607.359999999766,False,1784061398988.8,17.959967,2,False,36294.5,1,4,False,435
2.811045,0,0,8607.359999999766,False,1784061399238.8,18.209954,2,False,36544.5,1,4,False,441
2.561046000000001,0,0,8607.359999999766,False,1784061399488.8,18.459953,2,False,36794.5,1,4,False,447
2.311036999999999,0,0,8607.359999999766,False,1784061399738.8,18.709962,2,False,37044.5,1,4,False,453
2.0610479999999995,0,0,8607.359999999766,False,1784061399988.8,18.959951,2,False,37294.5,1,4,False,459
1.8091830000000009,0,0,8607.359999999766,False,1784061400240.6,19.211816,2,False,37546.2999997139,1,4,False,465
1.5610280000000003,0,0,8607.359999999766,False,1784061400488.8,19.459971,2,False,37794.5,1,4,False,471
1.3111059999999988,0,0,8607.359999999766,False,1784061400738.8,19.709893,2,False,38044.5,1,4,False,477
1.0609859999999998,0,0,8607.359999999766,False,1784061400988.9001,19.960013,2,False,38294.59999990463,1,4,False,483
0.8110670000000013,0,0,8607.359999999766,False,1784061401238.8,20.209932,2,False,38544.5,1,4,False,489
0.5610949999999981,0,0,8607.359999999766,False,1784061401488.8,20.459904,2,False,38794.5,1,4,False,495
0.31109400000000065,0,0,8607.359999999766,False,1784061401738.9001,20.709905,2,False,39044.59999990463,1,4,False,501
0.0775289999999984,0,0,8607.359999999766,False,1784061401988.8,20.94347,2,False,39294.5,1,2,False,504
0.0775289999999984,0,0,8607.359999999766,False,1784061402238.8,20.94347,2,False,39544.5,1,2,False,504
0.0775289999999984,0,0,8607.359999999766,False,1784061402488.8,20.94347,2,False,39794.5,1,2,False,504
3.0805289999999985,0,0,8607.359999999766,False,1784061402739.4001,20.94347,2,False,40045.09999990463,1,2,False,504
2.891148000000001,0,0,8607.359999999766,False,1784061402988.8,21.132851,2,False,40294.5,1,4,False,511
2.6411160000000002,0,0,8607.359999999766,False,1784061403238.9001,21.382883,2,False,40544.59999990463,1,4,False,517
2.3911669999999994,0,0,8607.359999999766,False,1784061403488.8,21.632832,2,False,40794.5,1,4,False,523
2.1411349999999985,0,0,8607.359999999766,False,1784061403738.8,21.882864,2,False,41044.5,1,4,False,529
1.8911230000000003,0,0,8607.359999999766,False,1784061403988.8,22.132876,2,False,41294.5,1,4,False,535
1.6411349999999985,0,0,8607.359999999766,False,1784061404238.8,22.382864,2,False,41544.5,1,4,False,541
1.3911359999999995,0,0,8607.359999999766,False,1784061404488.8,22.632863,2,False,41794.5,1,4,False,547
1.1411440000000006,0,0,8607.359999999766,False,1784061404738.9001,22.882855,2,False,42044.59999990463,1,4,False,553
0.8911200000000008,0,0,8607.359999999766,False,1784061404988.9001,23.132879,2,False,42294.59999990463,1,4,False,559
0.6411380000000015,0,0,8607.359999999766,False,1784061405238.8,23.382861,2,False,42544.5,1,4,False,565
0.39112499999999883,0,0,8607.359999999766,False,1784061405488.9001,23.632874,2,False,42794.59999990463,1,4,False,571
0.14117099999999994,0,0,8607.359999999766,False,1784061405738.8,23.882828,2,False,43044.5,1,4,False,576
0.08554799999999929,0,0,8607.359999999766,False,1784061405988.9001,23.938451,2,False,43294.59999990463,1,2,False,576
0.08554799999999929,0,0,8607.359999999766,False,1784061406238.9001,23.938451,2,False,43544.5,1,2,False,576
0.08554799999999929,0,0,8607.359999999766,False,1784061406488.8,23.938451,2,False,43794.5,1,2,False,576
0.08554799999999929,0,0,8607.359999999766,False,1784061406738.8,23.938451,2,False,44044.5,1,2,False,576
0.08554799999999929,0,0,8607.359999999766,False,1784061406988.8,23.938451,2,False,44294.5,1,2,False,576
0.08554799999999929,0,0,8607.359999999766,False,1784061407238.7,23.938451,2,False,44544.40000009537,1,2,False,576
0.08554799999999929,0,0,8607.359999999766,False,1784061407488.8,23.938451,2,False,44794.5,1,2,False,576
0.08554799999999929,0,0,8607.359999999766,False,1784061407738.8,23.938451,2,False,45044.5,1,2,False,576
0.08554799999999929,0,0,8607.359999999766,False,1784061407995.2,23.938451,2,False,45300.90000009537,1,2,False,576
0.08554799999999929,0,0,8607.359999999766,False,1784061408238.8,23.938451,2,False,45544.5,1,2,False,576
0.08554799999999929,0,0,8607.359999999766,False,1784061408488.8,23.938451,2,False,45794.5,1,2,False,576
0.08554799999999929,0,0,8607.359999999766,False,1784061408738.8,23.938451,2,False,46044.5,1,2,False,576
3.0885479999999994,0,0,8607.359999999766,False,1784061408989.8,23.938451,2,False,46295.5,1,2,False,576
3.0885479999999994,0,0,8607.359999999766,False,1784061409238.8,23.938451,2,False,46544.5,1,2,False,578
3.0885479999999994,0,0,8607.359999999766,False,1784061409488.8,23.938451,2,False,46794.5,1,2,False,578
3.0885479999999994,0,0,8607.359999999766,False,1784061409738.8,23.938451,2,False,47044.5,1,2,False,578
3.0885479999999994,0,0,8607.359999999766,False,1784061409988.8,23.938451,2,False,47294.5,1,2,False,578
3.0885479999999994,0,0,8607.359999999766,False,1784061410246.3,23.938451,2,False,47552,1,2,False,578
3.0885479999999994,0,0,8607.359999999766,False,1784061410488.8,23.938451,2,False,47794.5,1,2,False,578
3.0885479999999994,0,0,8607.359999999766,False,1784061410738.8,23.938451,2,False,48044.5,1,2,False,578
3.0885479999999994,0,0,8607.359999999766,False,1784061410988.8,23.938451,2,False,48294.5,1,2,False,578
3.0885479999999994,0,0,8607.359999999766,False,1784061411238.8,23.938451,2,False,48544.5,1,2,False,578
3.0885479999999994,0,0,8607.359999999766,False,1784061411488.8,23.938451,2,False,48794.5,1,2,False,578
5.985852000000001,0,0,8607.359999999766,False,1784061411738.8,24.044147,2,False,49044.5,1,4,False,580
5.761761,0,0,8607.359999999766,False,1784061411988.9001,24.268238,2,False,49294.59999990463,1,4,False,586
5.511780999999999,0,0,8607.359999999766,False,1784061412238.9001,24.518218,2,False,49544.59999990463,1,4,False,592
5.261768,0,0,8607.359999999766,False,1784061412488.8,24.768231,2,False,49794.5,1,4,False,598
5.011790000000001,0,0,8607.359999999766,False,1784061412738.8,25.018209,2,False,50044.5,1,4,False,604
4.761806,0,0,8607.359999999766,False,1784061412988.8,25.268193,2,False,50294.5,1,4,False,610
4.511852999999999,0,0,8607.359999999766,False,1784061413238.8,25.518146,2,False,50544.40000009537,1,4,False,616
4.261801999999999,0,0,8607.359999999766,False,1784061413488.8,25.768197,2,False,50794.5,1,4,False,622
4.011811000000002,0,0,8607.359999999766,False,1784061413738.8,26.018188,2,False,51044.5,1,4,False,628
3.761811999999999,0,0,8607.359999999766,False,1784061413988.8,26.268187,2,False,51294.5,1,4,False,634
3.511856999999999,0,0,8607.359999999766,False,1784061414238.8,26.518142,2,False,51544.5,1,4,False,640
3.239789000000002,0,0,8607.359999999766,False,1784061414510.8,26.79021,2,False,51816.5,1,4,False,647
6.014826999999997,0,0,8607.359999999766,False,1784061414738.8,27.018172,2,False,52044.5,1,4,False,652
5.764783999999995,0,0,8607.359999999766,False,1784061414988.8,27.268215,2,False,52294.5,1,4,False,658
5.514823999999997,0,0,8607.359999999766,False,1784061415238.8,27.518175,2,False,52544.5,1,4,False,664
5.264806999999998,0,0,8607.359999999766,False,1784061415488.9001,27.768192,2,False,52794.59999990463,1,4,False,670
5.014779999999998,0,0,8607.359999999766,False,1784061415738.8,28.018219,2,False,53044.5,1,4,False,676
4.7648059999999965,0,0,8607.359999999766,False,1784061415988.9001,28.268193,2,False,53294.59999990463,1,4,False,682
4.514829999999996,0,0,8607.359999999766,False,1784061416238.8,28.518169,2,False,53544.5,1,4,False,688
4.264841999999998,0,0,8607.359999999766,False,1784061416488.8,28.768157,2,False,53794.5,1,4,False,694
4.014846999999996,0,0,8607.359999999766,False,1784061416738.8,29.018152,2,False,54044.5,1,4,False,700
3.764855999999998,0,0,8607.359999999766,False,1784061416988.8,29.268143,2,False,54294.5,1,4,False,706
3.5148609999999962,0,0,8607.359999999766,False,1784061417238.8,29.518138,2,False,54544.5,1,4,False,712
3.264877999999996,0,0,8607.359999999766,False,1784061417488.8,29.768121,2,False,54794.5,1,4,False,718
3.0148249999999983,0,0,8607.359999999766,False,1784061417738.8,30.018174,2,False,55044.5,1,4,False,724
2.764833999999997,0,0,8607.359999999766,False,1784061417988.9001,30.268165,2,False,55294.59999990463,1,4,False,730
2.5148299999999963,0,0,8607.359999999766,False,1784061418238.8,30.518169,2,False,55544.5,1,4,False,736
2.2648139999999977,0,0,8607.359999999766,False,1784061418488.8,30.768185,2,False,55794.5,1,4,False,742
